age,sex,chest_pain_type,resting_blood_pressure,cholesterol,fasting_blood_sugar,rest_ecg,max_heart_rate,exercise_induced_angina,oldpeak,st_slope,num_major_vessels,thalassemia,heart_disease
67,0,3,105,318,1,0,155,0,2.49,0,2,2,1
57,0,1,114,340,0,2,148,0,2.28,1,1,1,1
43,1,3,143,278,0,2,96,0,2.3,0,0,1,0
71,1,0,117,311,0,2,138,1,3.53,0,2,1,1
36,0,2,162,272,0,0,105,0,3.89,0,2,1,1
49,1,1,145,157,0,2,106,0,2.71,2,0,1,0
67,0,3,154,133,1,0,173,1,5.81,0,3,2,1
47,1,1,175,255,1,1,176,1,0.5,1,3,1,1
51,0,3,169,210,1,2,187,0,2.08,0,0,0,0
39,1,1,130,173,1,1,164,1,2.51,0,2,0,1
39,0,2,140,249,0,2,123,0,0.1,2,3,1,1
52,0,2,160,328,0,0,122,1,2.19,1,3,2,1
64,1,0,167,220,1,0,115,1,1.64,1,3,2,1
68,0,0,118,325,0,0,155,0,3.04,1,1,1,1
52,1,3,172,208,1,0,152,1,2.02,0,3,0,1
31,1,2,108,175,0,2,176,1,4.36,0,0,1,0
50,0,1,155,213,0,1,130,1,3.06,1,0,1,0
30,1,1,130,212,0,0,175,0,0.78,1,1,1,0
52,1,1,134,203,1,2,147,1,4.5,2,1,2,1
72,1,0,104,204,1,1,187,1,0.6,1,0,2,0
58,1,1,92,308,1,0,168,0,5.03,0,1,0,1
66,1,0,100,141,1,1,99,0,5.59,0,3,0,1
30,0,0,142,154,0,0,104,1,1.93,0,2,1,1
49,1,3,135,348,0,1,131,1,5.56,2,2,0,1
61,1,1,119,135,0,1,182,1,4.76,1,2,1,1
40,1,1,146,169,0,0,146,0,5.53,0,0,0,0
50,1,2,107,241,1,2,176,1,4.0,2,1,1,1
72,1,3,140,247,0,1,106,0,1.41,2,2,2,1
53,0,2,137,232,0,0,149,0,5.37,0,3,1,1
77,1,3,155,290,0,1,98,1,1.11,2,3,2,1
55,0,1,97,136,1,1,125,1,1.28,2,3,2,1
70,0,0,111,199,1,2,162,0,1.63,0,1,0,0
56,0,0,95,305,1,1,169,1,1.83,2,2,0,1
44,0,0,165,249,0,1,125,1,3.09,0,3,2,1
43,1,0,146,251,1,0,137,0,4.28,0,1,1,1
75,0,0,125,204,0,0,140,1,5.56,2,3,1,1
79,0,2,168,286,0,2,186,0,0.53,0,2,0,1
72,1,3,146,345,0,1,184,1,5.73,0,2,1,1
31,1,1,138,213,1,1,159,0,5.53,1,2,1,0
65,1,2,134,253,1,1,163,0,0.32,0,2,1,1
79,0,3,171,200,0,2,169,1,2.16,1,2,2,1
35,1,0,155,350,0,1,157,0,4.88,1,3,2,1
49,1,3,166,336,1,0,111,0,3.67,1,2,1,1
37,0,3,134,188,1,2,166,1,4.67,1,3,0,1
67,1,0,168,188,1,0,169,1,4.31,2,2,1,1
46,1,0,109,267,0,0,182,1,2.98,2,3,0,1
32,1,0,153,311,0,2,95,0,0.25,0,2,2,1
53,1,1,156,135,0,0,115,0,3.51,0,3,1,1
42,0,0,172,170,1,1,164,0,0.29,0,2,1,0
78,1,1,92,224,1,2,177,1,3.62,2,1,0,1
37,1,0,143,284,1,0,182,0,4.8,1,3,0,1
54,0,1,167,351,0,1,92,0,3.51,2,1,1,1
30,1,3,153,320,0,1,141,1,5.98,2,3,1,1
48,0,2,129,316,1,0,163,0,2.74,0,3,0,1
56,1,3,148,289,0,1,149,1,4.49,0,3,2,1
75,0,3,144,304,1,2,152,1,4.0,0,0,0,1
35,0,0,151,185,0,0,154,1,5.95,1,2,1,1
72,0,1,93,128,1,1,141,0,4.28,1,1,2,0
36,0,2,149,226,0,1,196,0,0.98,2,1,2,0
75,1,0,164,219,0,0,179,0,5.73,1,3,2,1
63,0,0,119,205,1,0,165,1,4.01,0,1,2,1
42,1,0,91,183,1,0,103,1,0.36,1,1,1,0
45,0,3,151,333,1,0,178,1,3.95,1,1,2,1
64,0,1,138,141,1,2,161,0,5.3,1,1,0,0
78,0,1,98,281,1,0,196,0,3.46,1,0,0,0
68,1,2,120,302,0,2,157,0,2.12,0,3,0,1
32,0,1,150,276,1,2,117,0,4.93,0,1,1,1
30,1,1,168,285,1,0,160,0,4.7,2,0,2,0
34,1,0,137,229,1,2,99,1,3.27,2,0,0,0
70,1,0,114,216,0,0,146,0,0.93,2,3,0,1
32,1,3,125,137,1,0,189,1,1.51,1,2,0,0
57,1,0,97,190,1,1,155,1,4.43,1,2,2,1
46,1,0,162,312,1,0,179,0,4.84,0,2,0,1
54,1,0,147,246,0,1,139,1,1.68,2,1,2,1
72,1,0,134,216,0,2,103,0,2.21,0,3,2,1
62,1,3,151,120,1,1,105,0,0.47,2,2,2,1
38,0,0,128,335,0,2,143,1,4.28,2,1,1,1
64,0,2,147,251,1,0,132,0,0.02,2,3,1,1
42,0,2,170,123,0,2,131,0,0.28,1,1,2,0
59,0,2,172,244,1,2,170,1,0.03,2,2,2,1
76,0,2,153,201,0,0,199,1,3.87,2,2,1,1
43,1,0,133,146,1,2,111,1,2.5,1,0,1,0
36,1,2,118,290,1,0,157,1,1.79,2,0,2,0
42,1,0,148,178,0,1,108,1,5.48,1,3,1,1
51,1,3,160,151,1,0,155,1,1.16,1,1,0,1
68,1,2,98,280,1,0,128,0,2.34,0,1,2,1
49,1,1,95,147,1,2,162,0,5.64,1,2,2,0
44,1,2,118,225,1,1,108,0,2.56,1,2,1,0
73,0,2,147,224,0,0,105,1,3.33,1,3,0,1
46,0,0,106,302,1,1,143,0,0.48,2,0,1,0
75,0,2,105,347,0,1,114,1,4.74,0,2,0,1
52,0,1,176,307,0,2,107,0,2.54,2,1,0,1
54,1,0,92,189,0,0,112,1,4.8,1,2,2,1
53,1,0,110,181,0,2,174,0,1.52,1,0,0,0
73,1,3,153,327,1,0,100,1,2.53,0,1,2,1
69,0,3,179,153,1,1,128,1,4.72,0,0,0,1
57,1,2,125,206,0,0,194,1,5.84,1,3,2,1
43,1,3,175,233,1,0,157,1,0.36,1,3,0,1
73,1,3,151,225,0,1,114,0,4.87,2,0,1,0
29,0,3,131,335,1,1,152,0,1.8,1,1,0,0
53,1,0,165,175,1,0,185,1,3.3,2,0,1,1
35,0,0,131,232,1,2,119,1,1.74,0,2,0,0
37,0,0,150,132,0,0,134,1,3.68,2,2,0,1
52,0,3,102,303,0,1,179,0,2.12,1,0,2,0
29,0,0,100,137,1,2,150,1,2.0,2,2,0,0
72,1,3,143,301,0,1,189,1,0.23,2,0,0,1
36,0,0,105,324,0,1,140,0,0.88,0,2,0,0
52,0,0,97,232,1,2,187,1,5.5,2,0,1,0
39,1,1,148,348,0,1,98,1,5.99,1,2,2,1
79,1,2,146,290,1,1,165,0,4.68,2,1,2,1
45,0,3,129,158,1,1,91,1,1.72,2,1,0,0
36,1,1,148,308,1,1,191,1,2.41,2,2,0,1
63,0,0,91,289,0,1,94,0,4.44,1,0,1,0
63,0,3,165,328,1,1,151,1,5.81,2,2,0,1
61,0,0,99,198,1,1,158,0,2.73,1,3,2,1
33,0,2,133,265,0,1,141,1,4.98,2,3,2,1
70,1,1,100,270,0,1,175,1,5.85,0,0,1,1
67,0,2,168,301,0,0,94,1,5.24,0,2,1,1
69,1,1,169,149,0,0,148,1,1.36,0,2,2,1
56,1,0,170,217,1,1,157,1,0.05,1,1,1,1
35,1,2,179,177,0,0,98,0,2.95,1,0,0,0
37,1,2,91,315,0,2,182,1,3.19,1,3,0,1
36,0,0,139,186,0,0,111,1,1.21,2,3,1,1
40,1,2,101,190,0,1,116,0,1.71,1,0,2,0
62,0,3,179,265,1,1,99,0,4.59,1,3,1,1
61,1,1,112,225,0,0,169,1,2.82,1,0,2,0
76,1,1,107,126,1,1,195,0,1.9,1,3,1,1
51,0,1,151,159,0,2,195,1,3.74,0,3,1,1
52,0,3,151,189,1,2,150,0,3.92,2,0,1,0
65,0,1,127,333,1,1,140,0,4.62,0,0,0,0
63,1,0,156,312,0,2,99,1,0.94,2,3,0,1
72,1,2,127,187,1,2,95,0,4.45,2,3,2,1
68,0,3,156,357,0,0,151,1,3.6,0,1,1,1
50,0,1,150,168,1,2,94,0,0.35,1,2,0,0
55,0,0,90,171,1,0,159,0,4.66,0,0,1,0
63,0,2,134,233,1,1,152,0,2.3,2,0,2,0
29,1,2,117,226,0,0,145,1,1.98,2,2,0,0
63,0,3,110,148,1,1,148,1,2.69,1,1,2,1
65,0,3,102,268,0,1,152,0,2.08,0,3,0,1
75,0,3,116,337,1,1,178,1,2.03,2,3,1,1
42,0,0,96,197,1,1,148,1,4.85,0,1,2,0
31,1,0,111,128,1,1,140,1,0.75,1,1,0,0
29,0,3,163,294,1,0,139,0,5.82,1,2,0,1
33,1,1,142,195,1,1,93,1,3.33,2,2,1,1
54,0,2,168,161,1,2,193,0,1.1,1,3,2,1
42,0,2,168,298,0,2,137,0,0.79,2,1,2,0
67,1,0,93,303,0,1,121,0,3.55,2,1,2,1
55,0,2,112,298,0,2,140,0,3.8,1,3,1,1
37,1,1,159,317,1,0,141,0,0.32,1,3,0,1
43,1,2,177,247,0,0,188,1,1.46,0,3,0,1
43,0,0,173,139,1,1,163,1,4.77,0,3,2,1
54,1,0,173,335,0,1,123,0,0.3,2,3,0,1
70,1,1,165,274,0,1,125,1,5.13,0,2,2,1
41,1,1,122,285,1,2,159,1,3.95,2,3,1,1
79,1,2,117,191,1,2,132,1,2.61,1,1,1,1
60,1,2,97,184,0,0,199,1,2.08,1,0,1,0
67,1,0,90,301,0,2,105,1,0.12,0,2,2,1
77,1,1,126,232,0,0,148,1,4.95,2,1,0,1
60,1,1,152,143,0,2,142,1,0.86,2,0,1,0
32,0,1,111,247,1,0,108,0,1.86,0,2,2,0
58,0,2,159,294,0,1,187,0,3.41,2,3,2,1
65,1,1,110,318,1,2,178,0,1.48,2,2,1,1
51,0,0,124,202,1,0,184,1,2.98,1,3,1,1
67,1,0,168,333,0,2,130,1,4.86,2,3,1,1
73,1,2,94,182,1,1,170,0,2.82,2,3,0,1
43,0,3,149,304,0,0,136,1,5.69,2,0,0,1
71,1,2,135,302,1,2,183,1,5.09,0,2,2,1
57,1,3,139,179,1,2,192,0,2.0,0,3,1,1
64,1,1,137,218,0,1,143,0,2.4,0,1,1,0
41,1,2,95,181,1,1,144,0,2.54,2,2,0,0
60,0,0,178,149,1,0,184,1,3.76,2,1,1,1
35,1,1,145,340,0,2,108,1,1.72,0,0,2,0
79,1,0,148,141,1,2,151,1,5.82,0,0,1,1
50,1,1,118,322,1,1,188,0,3.65,2,2,0,1
56,0,2,160,331,0,1,182,0,2.4,2,0,2,1
30,1,3,166,245,0,0,148,1,3.87,1,0,2,1
70,0,1,107,276,1,2,154,0,2.37,0,2,1,1
73,0,3,91,288,1,2,157,0,4.91,2,1,2,1
34,1,1,97,161,1,0,117,1,3.41,0,3,1,1
56,1,0,164,217,0,0,107,0,0.25,0,2,1,1
56,0,0,143,312,1,1,115,0,1.06,0,2,0,1
72,1,1,127,150,1,1,193,0,5.19,1,3,2,1
72,0,3,137,277,1,0,108,1,3.38,2,1,1,1
48,0,2,116,231,1,0,144,1,5.7,2,3,1,1
58,1,2,109,265,1,2,146,0,0.43,0,3,1,1
39,1,0,101,241,1,0,95,1,1.77,2,1,2,0
56,0,2,132,136,0,0,90,1,1.16,1,1,2,0
53,0,0,150,157,0,2,97,1,3.32,0,3,2,1
67,0,2,120,261,1,0,186,0,2.3,1,3,1,1
61,0,1,150,334,1,1,140,1,0.94,1,2,2,1
29,1,0,163,336,0,1,196,0,3.86,2,1,1,1
55,1,0,156,326,0,2,174,0,3.22,2,0,2,1
41,1,1,124,229,0,0,177,1,1.65,1,1,2,0
69,1,0,104,303,1,1,114,0,2.88,2,3,1,1
31,1,2,105,141,1,1,136,1,4.47,1,3,2,1
67,0,2,102,314,1,1,144,1,1.23,1,3,1,1
34,1,0,124,175,1,1,153,0,1.76,0,3,2,0
36,1,2,164,238,0,0,196,0,2.08,1,0,2,0
55,1,3,148,266,0,0,172,1,4.48,1,1,2,1
37,1,0,110,176,0,0,182,1,5.08,2,0,2,0
65,1,1,143,291,0,0,99,1,2.26,0,0,0,1
61,0,3,164,345,1,1,145,1,1.78,2,3,1,1
79,0,0,119,154,1,2,101,0,5.34,0,0,0,0
70,0,1,137,233,0,2,122,0,6.0,2,3,2,1
72,1,2,124,244,0,1,160,0,4.02,1,3,2,1
52,0,1,175,248,0,1,106,1,5.94,0,3,1,1
43,0,3,127,171,0,2,150,0,3.96,0,0,1,0
60,1,2,120,204,0,2,99,0,4.4,0,3,1,1
60,1,0,167,340,1,1,120,0,2.33,0,0,1,1
52,1,2,113,317,1,1,149,0,2.6,2,1,2,1
69,0,0,138,284,0,0,159,1,0.86,2,3,1,1
77,0,0,121,184,0,0,106,0,4.94,0,2,0,1
77,1,1,144,298,0,2,139,0,5.59,0,2,1,1
40,1,1,168,248,1,1,126,0,3.74,0,2,1,1
67,0,1,147,338,1,2,171,0,2.06,2,2,0,1
30,0,3,92,140,1,0,151,1,0.92,0,2,0,0
31,1,3,169,300,0,0,179,1,1.59,0,0,0,0
77,1,1,158,135,1,2,169,0,1.53,0,1,0,0
65,0,3,174,355,0,0,161,1,3.68,2,0,1,1
77,1,2,99,242,1,1,177,1,5.67,1,3,0,1
45,0,2,172,180,1,2,166,1,0.29,1,1,2,0
77,0,3,114,173,1,1,118,1,0.01,2,1,1,0
30,0,3,157,287,0,1,121,0,3.6,1,1,2,1
30,0,2,150,145,0,0,177,1,1.7,0,1,1,0
56,1,0,118,199,1,1,169,1,5.28,0,2,1,1
51,1,2,108,339,0,2,100,0,1.96,2,3,2,1
65,0,2,132,184,0,1,185,0,1.74,2,1,0,0
60,0,3,155,219,0,1,95,0,1.62,1,1,0,0
61,0,2,163,193,0,1,124,0,0.87,1,2,2,1
29,0,3,150,311,0,1,122,1,3.49,0,0,0,1
47,0,3,132,290,0,1,107,0,1.01,2,0,1,0
30,1,1,114,136,0,0,126,1,2.55,1,0,1,0
72,1,2,109,240,1,2,102,1,2.77,1,3,1,1
54,1,0,137,306,0,0,163,0,0.12,0,0,0,0
60,1,1,172,142,0,2,190,0,0.1,0,1,0,0
34,0,3,176,254,1,2,179,1,3.12,0,2,2,1
60,0,3,113,291,1,2,199,1,4.18,0,2,1,1
32,0,0,100,300,1,2,170,0,5.65,1,0,2,0
39,0,3,144,190,1,2,153,0,1.07,2,2,0,0
45,0,2,117,227,0,1,90,0,0.62,2,1,2,0
66,1,1,158,198,1,0,152,1,0.31,0,0,0,0
52,0,3,152,281,1,0,178,1,2.62,0,1,1,1
33,1,3,148,165,0,1,123,0,3.74,1,3,1,1
62,1,0,94,356,0,2,192,1,5.04,0,1,0,1
34,1,2,140,315,0,0,99,0,4.1,2,1,0,0
50,1,3,110,325,1,1,173,1,1.25,0,1,0,0
39,0,0,101,197,0,1,96,1,2.77,2,1,1,0
76,1,3,139,135,1,0,145,0,5.46,0,3,0,1
44,1,0,93,190,0,0,169,0,1.96,0,0,1,0
61,1,0,131,215,0,2,126,0,2.99,2,1,2,0
37,0,2,173,266,1,2,118,1,5.75,1,0,1,1
34,0,3,127,121,0,0,101,1,4.41,1,2,2,1
44,0,2,114,129,0,2,106,0,4.49,0,1,1,0
57,1,0,103,297,0,1,137,1,1.51,0,1,1,1
31,1,1,164,244,0,2,173,0,2.49,2,2,0,1
48,0,3,121,200,0,2,115,1,0.49,2,0,1,0
64,1,1,100,348,1,1,172,0,3.64,0,3,0,1
47,0,3,150,259,1,2,101,1,0.62,2,1,0,1
54,0,2,107,189,0,1,110,1,5.02,1,2,0,1
31,1,2,116,269,1,2,131,1,4.89,1,2,1,1
47,1,2,144,151,1,0,150,1,3.2,2,1,0,1
48,1,2,143,224,1,2,147,0,0.85,2,0,2,0
60,1,2,171,203,0,0,143,1,0.15,2,0,2,0
35,0,1,176,248,0,0,123,0,4.78,1,1,1,1
69,0,2,164,301,0,0,96,0,3.6,0,2,0,1
61,0,0,110,358,1,0,198,0,4.27,2,1,2,1
68,0,0,133,177,1,0,124,0,1.82,2,3,1,1
67,0,1,94,317,0,1,104,1,3.06,2,3,1,1
46,1,3,176,330,0,1,154,0,4.48,0,0,1,0
68,0,0,130,265,1,1,179,1,2.78,2,3,1,1
29,0,3,148,253,1,0,188,1,3.61,2,2,1,1
39,0,1,178,164,0,2,114,1,4.74,1,3,0,1
56,1,3,143,216,1,1,195,1,1.29,2,1,0,1
53,1,3,163,142,1,2,148,0,0.4,1,2,0,1
78,1,3,111,142,1,2,168,1,3.19,0,0,0,0
51,1,3,172,273,1,0,175,0,0.37,2,0,1,0
59,0,1,154,324,1,0,95,1,4.6,2,3,1,1
58,0,0,153,254,1,0,141,1,4.32,1,0,2,1
70,1,2,160,198,1,1,168,0,5.29,0,1,2,1
63,1,3,93,163,0,0,177,1,3.84,0,2,0,1
35,0,0,154,146,0,1,110,1,0.4,1,1,1,0
44,0,0,104,145,1,1,160,1,1.52,0,1,2,0
54,1,1,165,216,1,1,182,1,4.85,0,1,2,1
76,1,0,111,326,1,1,185,1,1.0,0,1,2,1
77,1,1,175,155,0,0,121,0,4.19,0,2,2,1
30,1,3,136,228,0,1,142,1,4.68,0,2,0,1
29,0,3,170,174,1,0,148,1,1.98,0,1,1,0
76,0,2,135,311,0,0,158,0,1.93,0,1,0,0
40,0,2,103,338,1,1,151,1,3.35,0,0,2,0
33,1,2,139,304,1,0,93,0,5.17,2,0,2,0
65,1,0,109,188,1,2,175,1,1.34,1,2,1,1
60,0,3,139,180,1,0,107,1,5.65,0,0,1,0
37,0,1,122,249,1,0,188,0,3.59,1,2,0,1
69,0,2,148,174,1,1,170,1,5.95,0,2,1,1
63,0,1,132,241,1,1,145,1,0.54,0,3,0,1
47,1,1,168,216,0,0,113,0,0.76,2,2,0,0
76,0,2,101,199,1,1,155,0,4.96,1,0,2,0
44,0,3,129,206,0,2,102,1,5.19,1,3,0,1
31,0,2,109,157,1,2,151,0,2.67,2,0,2,0
48,0,1,127,238,1,1,143,1,4.28,2,2,0,1
52,0,2,92,327,0,0,104,0,5.21,1,2,0,1
61,0,1,117,197,0,2,158,1,0.26,0,1,1,0
52,0,1,145,276,1,2,92,0,3.44,0,2,1,1
39,1,2,179,273,0,0,126,0,5.12,1,3,2,1
77,1,0,102,154,1,1,126,0,2.39,0,2,1,1
36,1,2,166,198,1,2,190,0,1.81,2,1,0,0
64,1,0,155,186,0,0,92,0,4.77,2,2,2,1
66,0,1,126,206,0,0,152,0,2.01,2,2,2,1
68,1,1,138,276,0,2,124,0,0.02,1,2,2,1
48,1,0,155,153,0,1,141,0,5.76,1,1,0,0
63,0,1,125,216,1,2,176,0,3.55,1,0,1,0
76,0,0,143,288,0,0,117,1,4.92,0,2,2,1
53,1,0,115,288,0,2,183,0,4.95,1,3,0,1
63,1,1,164,270,0,1,107,1,0.4,1,1,1,1
53,0,3,161,190,0,0,125,0,1.03,2,3,1,1
57,1,0,129,122,0,1,122,1,1.87,0,2,2,1
46,0,2,132,177,1,2,153,1,1.92,0,1,0,0
74,0,2,111,151,1,2,115,0,3.95,2,2,1,1
46,0,1,109,150,0,1,137,0,3.74,0,3,0,1
30,0,3,97,201,0,2,129,1,2.97,1,1,1,0
63,1,1,118,162,1,1,106,1,1.27,0,0,2,0
44,0,3,129,254,0,2,129,0,2.29,2,0,2,0
69,0,0,179,224,1,1,96,0,3.26,0,0,1,0
64,1,0,119,120,1,1,146,0,2.81,2,2,0,1
61,0,0,170,180,0,0,97,1,0.76,1,1,1,1
32,1,0,173,133,1,0,145,0,3.9,1,3,0,1
61,1,2,144,299,0,1,120,0,0.44,2,3,1,1
42,1,2,105,343,0,2,148,0,2.27,1,2,2,1
49,0,1,135,125,1,2,147,0,4.26,1,2,0,0
76,1,3,151,222,1,2,101,0,0.12,0,3,2,1
48,1,0,96,129,0,1,137,1,3.42,1,1,0,0
36,0,0,169,190,1,1,120,1,2.01,2,2,1,1
35,1,3,134,209,0,1,197,0,0.05,1,1,2,0
31,1,3,148,345,1,1,172,0,1.14,0,3,2,1
45,1,1,145,277,1,0,152,1,5.65,2,1,0,1
61,1,3,137,347,0,1,163,0,3.13,1,0,0,0
76,1,0,116,268,0,2,128,1,5.98,1,3,0,1
40,0,0,142,245,0,0,165,0,3.15,1,0,2,0
79,1,0,176,307,1,2,109,1,3.26,2,3,1,1
50,1,0,177,328,0,1,190,1,2.35,0,0,0,1
50,0,0,162,216,0,0,137,0,1.86,2,1,1,0
74,0,1,124,193,1,1,194,1,1.51,2,3,0,1
58,0,0,140,234,1,0,160,0,2.06,0,3,1,1
66,1,1,173,310,0,2,143,1,2.76,2,0,0,1
66,0,0,126,358,0,1,167,0,1.15,2,1,1,0
73,1,2,170,289,0,1,164,0,1.35,1,3,2,1
79,1,2,146,170,0,0,160,0,1.63,2,2,0,1
36,0,2,97,311,1,0,118,1,2.7,1,0,0,0
55,0,2,168,323,1,1,163,0,3.92,2,3,2,1
55,1,1,109,175,0,0,182,0,5.14,1,1,0,0
62,0,1,142,327,0,1,162,0,1.72,1,1,0,1
49,1,3,101,160,0,0,189,1,1.1,1,1,2,0
58,0,0,138,151,1,2,137,0,2.27,0,1,2,0
61,0,2,106,134,0,0,163,1,5.37,2,0,1,0
56,0,1,153,181,0,2,172,1,0.06,2,3,2,1
75,1,0,131,274,1,0,145,1,4.07,2,0,2,1
61,0,0,118,147,1,0,184,0,2.86,0,0,0,0
33,1,1,108,328,0,1,106,0,0.97,1,1,2,0
76,1,2,100,183,0,0,98,1,1.93,2,2,0,1
47,1,3,139,357,1,0,198,0,1.35,0,1,2,0
32,1,0,160,306,0,2,186,0,5.27,0,2,2,1
63,0,3,147,305,0,0,123,1,2.89,2,0,1,1
77,1,2,123,249,1,1,134,1,3.38,1,1,2,1
45,1,2,109,246,1,2,177,0,3.56,0,1,2,0
72,0,3,139,155,1,1,98,1,3.84,2,0,0,0
56,1,2,177,233,0,1,96,0,2.97,1,1,0,1
58,0,0,99,318,1,1,105,1,0.11,0,3,1,1
57,1,3,121,132,1,1,108,0,2.01,0,2,2,1
74,0,2,141,134,0,2,192,0,1.1,2,2,0,1
34,1,3,104,208,0,0,95,1,4.08,2,2,2,1
63,0,0,173,334,1,1,100,0,0.34,1,1,1,1
69,1,2,92,307,1,2,165,0,3.38,2,3,0,1
65,1,0,126,141,0,1,150,1,1.26,2,1,0,0
52,0,2,129,310,0,0,131,0,5.69,1,2,1,1
57,0,1,161,337,1,2,102,0,2.01,2,1,2,1
77,0,2,129,344,1,2,101,0,1.95,1,2,0,1
74,0,3,145,322,0,0,174,1,5.54,1,0,0,1
59,1,2,112,193,1,2,163,1,2.5,1,2,1,1
63,1,0,100,144,0,0,109,1,5.78,2,0,1,0
61,0,0,153,220,1,2,139,1,0.15,1,0,1,0
49,1,2,97,295,0,2,125,1,1.84,2,0,2,0
60,0,3,145,290,0,0,181,0,4.0,1,2,2,1
51,0,1,149,236,1,0,177,0,5.35,2,3,2,1
61,1,3,99,285,1,2,158,0,1.54,1,2,1,1
31,1,1,128,160,0,2,126,1,5.58,0,1,0,0
46,1,0,117,292,1,0,101,0,3.56,0,1,2,0
53,1,3,138,207,1,0,188,1,4.81,0,3,1,1
70,1,1,125,287,1,2,129,0,2.38,1,3,2,1
59,1,2,102,229,0,2,143,1,1.27,2,3,0,1
31,1,0,125,239,1,2,91,0,5.47,1,0,0,0
68,0,2,115,216,1,0,139,0,5.6,1,3,1,1
74,0,0,175,264,0,2,130,1,2.99,1,3,0,1
52,0,3,93,335,1,1,134,0,0.04,1,3,1,1
78,0,3,171,348,1,0,192,0,0.66,2,2,1,1
60,0,0,153,176,0,2,195,1,3.44,1,1,1,1
75,1,0,127,249,0,0,98,0,0.14,0,1,1,0
50,0,0,177,215,1,1,151,0,2.38,0,3,0,1
51,0,3,176,240,1,0,175,1,1.82,0,1,0,1
30,0,1,111,181,0,2,136,1,4.29,1,2,0,1
55,0,2,91,335,0,1,94,1,0.33,2,1,0,1
70,0,2,120,256,1,1,165,1,2.93,2,0,1,1
30,0,3,100,187,1,2,90,1,3.47,2,2,1,1
54,0,2,135,200,1,2,133,0,3.7,1,1,0,0
45,1,0,151,136,0,2,111,1,2.43,2,1,2,1
68,1,1,158,236,1,0,127,1,1.83,0,2,2,1
61,0,2,153,169,0,0,108,0,4.09,2,1,2,1
37,1,1,99,231,0,0,169,0,5.09,1,1,0,0
71,1,0,129,213,0,2,120,0,4.16,1,3,1,1
76,1,2,113,287,1,2,156,0,5.59,2,0,1,0
67,1,3,133,305,1,0,176,0,4.3,1,2,2,1
57,0,1,149,322,1,1,131,1,4.59,2,3,2,1
70,1,0,151,204,0,0,171,0,1.01,2,1,1,0
54,1,1,176,268,1,1,115,1,2.52,0,2,2,1
63,1,2,106,265,0,2,102,0,2.91,1,2,2,1
78,0,2,154,302,0,2,147,1,1.54,0,0,1,1
53,0,3,146,276,0,0,107,0,3.17,1,0,2,1
52,0,0,144,271,0,0,156,1,1.74,2,2,2,1
41,0,0,142,193,0,2,176,1,4.13,1,0,0,0
35,0,3,145,228,0,0,92,1,2.82,2,0,2,0
64,0,3,98,264,1,2,144,1,2.75,1,1,0,1
73,0,0,111,137,0,2,178,1,5.9,0,0,1,0
48,1,1,102,161,1,1,180,1,2.35,0,0,0,0
29,1,1,178,359,0,0,147,1,2.17,2,3,1,1
36,1,3,137,331,1,2,197,1,1.91,0,1,0,0
74,0,1,107,220,1,0,152,1,5.37,2,1,0,1
44,0,0,165,164,1,1,180,1,2.98,2,2,0,1
42,0,2,129,201,1,1,141,0,3.6,2,0,2,0
40,0,2,106,136,0,0,192,1,1.08,1,3,2,1
79,0,1,104,192,0,0,178,1,3.25,2,3,2,1
51,1,3,104,133,0,2,113,0,1.65,0,1,2,0
43,1,3,168,296,0,1,161,1,4.38,1,0,2,1
56,0,3,152,276,1,1,98,1,5.0,0,3,0,1
62,0,3,128,342,1,1,199,0,4.29,2,2,2,1
30,0,3,102,251,1,0,126,0,4.38,2,0,1,0
60,0,1,170,201,0,2,183,1,3.07,0,0,0,1
51,1,2,121,267,1,0,172,0,4.27,1,0,0,0
50,0,2,98,239,0,0,142,1,2.54,0,3,1,1
79,0,1,129,239,1,0,169,1,3.91,2,1,2,1
53,0,3,109,166,1,2,113,1,1.55,1,1,1,0
50,0,1,179,226,1,0,197,0,0.42,2,2,0,0
50,1,2,174,227,1,1,110,1,2.48,2,3,0,1
77,0,0,171,128,1,1,189,1,2.77,0,0,0,1
70,0,1,166,324,0,1,129,0,1.54,2,2,1,1
34,1,3,169,198,1,2,192,1,4.37,0,2,2,1
43,1,2,162,274,0,0,151,1,0.44,1,1,0,1
71,1,2,152,134,0,2,159,1,1.34,2,0,2,0
65,0,2,165,339,0,0,158,1,4.49,2,0,0,1
61,0,2,133,348,0,1,103,1,2.62,1,3,2,1
36,1,3,127,138,0,0,198,1,4.23,0,3,1,1
72,1,0,172,209,0,0,131,0,3.4,2,3,0,1
72,1,2,149,299,0,0,139,1,5.7,1,2,0,1
33,1,1,160,145,0,2,150,1,3.59,2,0,0,0
67,1,0,137,336,1,0,93,0,0.09,0,1,1,0
32,1,2,107,273,1,0,161,1,2.12,0,2,1,1
34,0,0,105,273,0,0,177,1,0.86,0,2,2,1
73,0,1,144,293,0,2,164,0,5.55,0,1,1,1
60,0,2,128,211,0,2,106,0,0.62,1,1,0,0
58,1,1,157,296,1,2,174,0,2.33,2,3,2,1
75,1,3,148,201,1,0,146,0,1.36,1,1,1,0
63,1,2,178,343,0,1,179,0,5.08,0,1,2,1
68,1,2,151,300,0,1,196,0,1.85,0,1,2,1
44,1,2,102,250,1,1,137,0,5.95,0,1,2,0
41,1,2,170,313,1,0,133,1,0.23,0,3,0,1
78,0,3,95,344,0,1,134,1,0.77,2,2,0,1
70,0,2,172,161,0,1,180,1,1.35,0,0,1,0
58,1,0,166,138,0,1,169,0,4.87,2,0,0,0
47,0,2,149,136,0,0,179,1,5.27,0,2,2,1
45,1,3,179,355,1,1,122,0,0.43,2,0,2,0
47,0,2,103,280,1,1,120,1,0.19,2,0,0,0
56,1,0,143,195,0,0,136,1,4.47,0,2,2,1
54,1,3,93,296,0,2,95,1,0.8,1,0,0,0
65,0,3,128,303,0,1,197,1,0.8,1,0,2,0
54,0,0,161,182,1,2,161,0,0.13,1,2,1,1
51,1,0,114,250,0,1,160,0,0.3,1,0,1,0
37,1,0,166,226,0,0,123,1,1.58,1,1,0,0
40,0,0,121,168,0,2,197,0,0.39,0,2,0,0
29,0,0,148,174,1,2,142,0,2.21,0,3,0,1
29,1,3,152,273,0,2,103,1,5.0,0,0,0,1
75,0,3,127,218,1,2,105,0,1.96,0,3,0,1
62,1,2,142,319,0,1,132,0,4.37,0,0,2,1
60,1,2,156,171,0,1,162,0,0.56,0,1,1,0
76,1,1,117,219,0,2,163,0,3.96,2,2,2,1
53,1,2,92,236,1,1,170,1,1.9,2,3,1,1
68,0,2,169,237,0,2,101,1,4.5,0,2,2,1
73,0,0,111,126,0,2,159,0,0.82,0,3,2,1
29,0,0,127,165,1,0,108,1,5.39,2,0,2,0
44,0,2,161,165,1,2,196,1,1.46,2,1,0,0
67,0,1,161,219,1,1,130,1,2.12,0,3,1,1
33,0,0,151,263,0,2,142,0,5.7,2,3,0,1
50,0,2,146,271,1,0,118,0,3.47,1,1,0,1
57,1,2,95,308,0,1,159,1,2.19,1,1,2,1
31,0,3,167,173,1,0,148,1,5.7,1,1,1,1
40,0,1,121,181,1,0,178,0,1.97,2,1,1,0
54,1,3,99,248,1,2,153,1,0.57,0,1,1,1
44,0,1,92,168,0,0,113,0,5.98,0,2,1,0
79,0,0,148,144,0,0,178,1,1.61,0,0,0,0
65,1,1,165,129,0,1,105,0,5.11,2,0,0,0
50,0,2,138,237,0,0,141,0,0.99,2,3,1,0
57,0,2,148,327,0,2,169,0,4.39,1,1,0,1
42,0,1,120,263,0,2,95,0,3.15,2,2,1,1
56,1,1,158,305,0,2,126,1,5.89,1,2,0,1
33,0,1,151,319,0,0,174,0,3.32,1,3,2,1
75,0,3,141,276,0,1,93,1,0.15,0,1,2,1
77,1,1,178,350,1,2,187,0,3.62,2,0,1,1
58,0,0,130,211,1,0,181,0,0.87,0,1,1,0
74,1,3,120,253,0,2,127,1,4.79,0,2,0,1
33,1,3,174,263,0,2,130,1,5.14,2,1,1,1
40,0,1,173,267,0,1,181,1,2.89,2,0,1,1
44,1,0,111,199,0,2,170,0,4.7,1,0,0,0
54,1,3,93,190,1,1,103,0,0.87,1,3,1,1
54,0,2,102,352,1,0,160,1,2.95,1,2,1,1
76,1,3,134,197,0,2,175,0,2.36,1,1,2,0
49,1,1,131,162,1,0,140,1,3.67,0,1,2,0
67,0,0,138,273,1,0,154,0,0.27,0,3,2,1
64,0,1,109,209,0,0,182,0,4.51,2,3,1,1
61,0,2,166,197,0,2,141,0,0.47,1,3,0,1
58,1,2,170,318,0,1,184,1,3.94,1,2,2,1
65,0,2,143,280,0,2,119,0,0.11,1,1,1,1
51,1,1,125,145,1,0,146,1,4.99,0,3,2,1
38,1,3,90,240,0,1,168,1,1.05,2,2,0,0
33,1,1,104,164,1,0,171,0,3.09,0,1,0,0
64,1,0,166,331,0,1,188,1,1.57,2,0,0,1
62,1,3,106,182,1,2,119,1,4.34,2,3,0,1
59,1,2,113,314,0,1,187,0,1.93,0,2,0,1
38,1,1,147,299,0,2,131,1,4.35,0,1,0,1
47,0,2,161,187,1,0,100,1,1.71,2,1,1,0
60,0,2,112,273,1,1,116,0,4.51,0,3,2,1
29,1,0,135,322,1,0,113,0,0.18,0,3,0,1
33,1,3,161,121,0,1,188,0,1.7,2,1,2,0
73,0,0,97,261,1,2,128,1,2.99,2,2,2,1
32,1,0,148,227,1,1,161,1,0.27,1,0,1,0
44,0,0,179,149,1,1,107,0,1.12,0,1,0,0
52,0,2,148,168,1,2,166,1,5.61,2,2,0,1
44,0,0,102,259,1,2,134,0,5.86,0,3,1,1
30,1,0,128,337,1,2,177,0,4.44,0,1,1,0
77,1,3,117,163,1,1,176,0,1.51,2,3,1,1
56,0,3,178,280,1,0,101,1,1.56,1,0,1,1
60,0,0,150,132,1,1,138,1,3.87,2,3,1,1
55,0,3,105,197,0,1,183,0,0.71,2,0,2,0
48,0,3,91,335,0,0,120,0,5.69,0,3,1,1
52,0,0,171,245,1,2,181,1,1.35,1,3,0,1
40,1,2,106,217,0,1,111,0,6.0,2,0,0,0
78,0,0,119,355,0,0,133,1,2.97,0,3,1,1
63,1,3,102,145,1,2,181,0,4.63,2,2,1,1
61,0,2,171,268,1,2,153,0,0.01,0,3,1,1
61,1,1,102,275,1,1,166,1,5.33,2,1,1,1
79,1,2,132,167,1,2,114,1,1.62,1,3,1,1
71,1,3,174,347,1,2,197,1,4.01,2,2,0,1
65,1,2,110,287,1,0,140,1,4.84,0,1,2,1
40,1,0,144,185,0,0,199,1,0.98,2,2,1,1
31,1,1,170,353,1,2,96,0,2.66,1,1,1,1
29,0,1,129,320,0,0,198,0,2.96,1,3,1,1
61,1,1,172,206,1,2,95,1,1.87,1,2,0,1
68,0,3,104,198,1,1,113,1,2.89,1,3,0,1
38,1,3,162,324,0,0,108,0,1.91,0,1,2,0
71,1,1,141,142,1,2,172,0,2.16,2,2,2,1
72,0,2,163,200,1,2,189,1,4.02,1,0,2,1
57,1,1,142,167,0,0,98,1,3.8,2,2,2,1
41,0,2,176,243,1,0,125,0,1.39,0,3,0,1
40,0,2,141,249,0,1,191,1,5.38,2,0,2,1
59,0,3,119,203,1,2,129,0,5.18,2,0,1,0
74,0,2,122,139,1,1,182,0,3.05,1,1,0,0
30,1,1,146,306,0,1,113,1,2.6,1,0,0,1
79,1,3,141,165,1,1,137,0,2.26,0,0,0,0
78,0,0,98,250,0,0,152,0,4.24,2,1,1,1
63,1,0,143,302,0,1,158,0,4.03,0,2,0,1
51,1,3,90,131,0,0,142,1,1.18,0,3,1,1
45,0,1,133,159,1,0,143,0,4.03,0,2,2,0
54,1,0,164,185,1,1,131,1,1.51,1,0,0,0
36,0,0,169,219,0,1,134,0,0.11,1,3,1,1
57,0,2,98,197,1,2,179,0,4.2,2,2,0,1
54,1,2,121,135,1,1,103,0,3.87,2,3,2,1
38,1,1,104,202,1,2,192,0,2.46,2,0,0,0
54,1,3,101,281,0,1,118,0,3.15,1,2,2,1
62,0,1,167,163,1,1,95,1,5.68,1,3,0,1
79,0,3,146,357,0,1,96,1,3.57,0,3,1,1
69,1,0,97,253,1,1,126,0,3.95,1,2,2,1
35,1,2,161,324,1,2,142,1,0.38,0,2,0,1
32,1,1,116,311,0,2,107,1,1.0,0,0,2,0
78,1,1,151,219,1,1,176,0,1.81,1,1,2,0
73,0,3,101,141,0,1,197,1,3.24,0,3,1,1
39,1,3,154,137,1,2,127,1,4.66,0,2,1,1
57,0,1,131,131,0,0,148,1,1.93,2,2,1,1
64,0,3,151,299,1,0,90,1,2.14,0,2,1,1
53,1,1,100,242,1,0,157,0,1.54,1,3,2,1
49,1,1,132,341,1,2,133,1,1.53,1,0,2,0
64,1,1,106,236,0,2,136,0,5.69,0,1,0,0
38,0,0,121,170,0,0,124,0,3.81,2,3,0,1
65,1,3,174,351,0,0,176,1,0.94,1,0,0,1
37,1,2,174,190,1,1,180,0,4.33,1,3,1,1
52,0,2,129,343,0,2,149,1,4.33,2,3,2,1
63,1,3,112,167,0,2,179,0,4.0,0,2,2,1
77,0,1,145,138,0,0,141,1,0.81,1,0,0,0
63,1,2,95,125,0,0,97,1,2.45,0,2,0,1
76,0,2,175,203,0,2,196,0,0.64,0,2,2,1
64,1,3,139,274,0,1,169,1,4.9,0,0,1,1
46,1,2,126,172,0,0,130,1,3.93,0,2,0,1
77,0,1,153,226,0,2,92,1,3.04,1,2,0,1
67,0,3,143,220,0,2,185,1,2.06,2,1,2,1
60,1,1,161,167,0,1,158,0,1.11,1,0,2,0
52,0,2,138,254,1,1,173,0,0.64,2,0,0,0
51,0,2,100,306,1,0,103,0,5.82,0,2,0,1
60,0,1,177,188,0,0,185,1,1.2,2,2,1,1
65,0,0,138,130,1,0,115,0,0.36,0,0,1,0
40,1,2,110,262,1,2,159,1,5.77,1,0,1,0
77,1,0,155,311,0,0,147,1,3.29,1,3,1,1
41,0,2,152,250,0,2,189,1,4.78,2,0,0,1
51,0,0,172,241,0,0,129,0,0.26,0,3,0,1
53,0,0,117,188,1,1,140,0,3.4,0,2,0,1
63,0,0,106,142,0,1,94,0,2.39,2,1,1,0
69,1,1,95,300,1,2,166,0,4.63,0,1,0,1
58,1,0,108,156,0,1,121,1,0.23,0,3,2,1
45,0,0,145,128,1,2,169,0,2.41,0,2,1,1
77,0,0,117,134,1,2,90,0,4.79,1,2,2,1
48,0,2,155,250,0,1,166,0,3.14,1,2,1,1
76,1,0,127,212,0,2,143,0,3.3,1,0,0,0
53,0,2,126,317,1,1,100,1,0.58,0,2,1,1
50,1,0,157,136,1,0,142,0,0.79,1,0,2,0
41,0,0,175,273,0,0,97,0,4.06,0,3,1,1
47,1,1,179,268,0,1,114,0,4.05,0,1,2,1
77,0,2,138,191,1,1,129,1,5.87,2,3,0,1
64,1,0,132,268,0,1,121,0,4.27,0,2,2,1
40,0,2,125,240,1,1,177,0,2.96,1,2,0,0
69,0,2,147,130,0,0,117,0,5.14,1,3,2,1
47,0,3,102,285,0,2,167,1,0.63,0,0,0,0
40,1,1,141,191,0,2,198,1,2.7,1,0,2,0
37,0,1,147,225,1,0,92,0,1.72,0,0,0,0
35,1,1,121,335,0,2,189,0,0.63,2,1,0,0
56,1,3,170,244,1,0,180,1,4.58,0,1,0,1
42,0,3,149,154,0,2,173,1,3.06,0,2,2,1
59,0,1,172,238,1,1,168,1,3.34,2,3,2,1
47,0,3,147,133,1,1,151,1,2.47,1,3,0,1
75,1,3,145,133,0,1,116,1,2.76,2,2,1,1
44,0,3,117,129,1,0,134,0,0.7,2,0,0,0
33,1,1,90,259,1,0,194,0,4.04,0,1,1,0
63,1,1,131,157,1,2,181,0,2.59,0,3,0,1
40,0,1,171,227,1,2,114,0,4.9,2,2,2,1
53,0,3,137,238,0,2,195,1,1.18,1,0,1,0
49,0,1,129,357,0,0,150,1,1.23,2,0,2,0
64,0,3,152,153,0,2,133,1,3.87,1,1,1,1
51,0,0,165,288,1,1,199,1,5.08,2,1,1,1
44,0,3,161,129,1,2,186,1,2.83,2,2,1,1
67,1,2,177,241,0,1,135,0,4.36,1,2,1,1
73,1,1,169,264,0,0,103,0,6.0,2,0,2,1
70,1,1,93,264,1,1,97,0,5.94,0,0,1,0
67,0,2,127,314,0,1,137,0,4.47,2,3,0,1
42,1,3,116,309,0,1,103,0,4.44,0,0,0,0
59,1,0,98,342,1,0,154,1,1.49,1,2,1,1
33,1,2,105,234,0,0,169,1,5.0,1,1,2,0
63,1,2,145,120,1,0,171,1,2.43,0,2,2,1
51,1,3,165,131,0,0,96,1,5.77,2,3,1,1
57,0,1,120,222,1,2,168,1,0.49,0,3,2,1
71,0,3,177,123,1,0,177,0,2.62,0,1,2,1
39,1,2,103,289,1,1,138,0,3.34,1,2,2,1
46,1,2,114,260,1,0,144,0,2.43,0,3,1,1
75,1,1,123,217,1,2,102,1,1.26,2,2,0,1
40,0,1,156,225,0,2,162,1,3.56,0,3,0,1
37,0,1,113,204,0,2,145,1,4.54,1,1,0,0
38,1,3,162,333,0,1,145,1,3.87,2,3,0,1
72,0,1,115,240,1,0,104,0,1.41,1,2,0,0
45,0,2,109,251,0,0,146,1,4.39,0,2,2,1
66,1,2,153,201,1,0,147,0,1.54,0,3,2,1
35,0,0,99,316,1,1,124,1,1.05,1,0,2,0
74,0,3,172,138,0,1,177,0,4.14,1,1,1,1
41,1,0,156,249,1,2,186,1,5.06,2,1,2,1
68,0,2,113,131,0,2,105,1,2.89,1,3,0,1
70,0,0,94,200,1,0,97,0,3.19,1,3,2,1
37,1,2,156,193,1,1,182,0,1.82,0,0,0,0
78,0,0,147,217,0,1,176,1,2.97,0,1,2,1
55,0,1,116,125,1,0,134,0,0.79,1,0,0,0
30,1,0,169,255,0,0,184,1,5.73,1,1,2,1
33,1,1,104,244,1,2,129,1,4.8,0,3,0,1
57,1,1,124,170,0,2,143,0,4.01,2,1,0,0
65,0,3,165,130,1,2,103,1,3.23,2,1,1,1
66,1,1,142,310,0,0,148,1,4.75,2,1,2,1
47,0,1,133,304,0,0,183,0,2.97,2,0,0,0
36,1,0,115,246,1,2,142,1,1.8,0,0,2,0
76,0,2,136,259,0,2,192,1,0.96,1,1,0,1
73,1,3,123,192,1,1,116,1,3.89,2,2,1,1
29,1,1,176,121,1,1,136,1,5.58,0,0,1,0
50,1,3,139,127,0,2,169,0,0.92,1,3,1,0
45,1,0,173,258,0,2,95,0,1.08,2,3,1,1
35,0,1,101,243,0,1,144,0,2.6,1,1,0,0
53,1,0,176,172,0,2,186,1,4.84,2,3,2,1
73,1,3,93,347,0,1,133,0,1.76,1,0,1,0
32,0,0,176,129,1,1,107,0,1.52,2,2,1,0
64,1,3,137,332,0,1,105,0,3.72,2,2,1,1
34,0,0,144,331,1,0,101,1,3.21,1,2,2,1
59,1,3,90,231,0,0,109,0,0.36,1,3,0,1
47,1,2,178,127,0,2,134,0,0.49,1,1,0,0
72,1,0,155,155,0,1,153,1,3.86,0,3,0,1
67,0,0,119,340,1,0,193,1,2.79,0,1,0,1
55,1,2,92,225,0,2,148,1,5.83,1,2,2,1
38,1,2,110,323,1,2,182,1,4.07,0,0,2,0
54,1,0,178,133,1,2,183,1,0.06,2,3,2,1
47,0,2,173,359,1,2,179,1,2.89,1,0,1,1
67,0,1,138,301,0,2,111,0,2.49,0,2,2,1
31,1,3,175,332,1,1,186,0,0.64,1,1,0,0
73,0,3,174,205,0,2,192,1,5.54,2,0,2,1
41,1,3,151,268,1,1,136,1,4.83,2,3,1,1
78,1,1,127,355,0,0,118,0,1.38,0,0,0,0
56,1,2,104,169,1,2,175,1,1.54,2,0,2,0
48,1,2,141,341,0,0,134,1,0.19,1,3,0,1
56,1,0,168,286,0,1,166,0,1.78,0,1,0,1
36,1,2,135,139,0,1,98,1,3.51,1,3,2,1
69,1,0,114,335,1,0,113,1,2.53,1,2,2,1
67,0,1,110,206,1,2,104,0,5.82,1,1,1,0
29,0,3,177,254,0,2,125,0,0.34,2,0,2,0
31,0,3,94,256,1,0,102,0,3.55,1,3,2,1
41,0,3,159,248,1,0,180,0,5.15,2,2,2,1
56,0,2,136,273,1,0,133,0,2.88,1,3,0,1
77,0,0,176,285,1,2,190,1,0.02,2,1,1,1
53,0,0,157,157,1,2,160,1,1.46,2,2,0,1
61,1,1,107,308,1,2,161,1,1.94,2,0,2,0
66,1,2,110,163,1,0,190,1,5.8,1,1,1,1
34,1,1,175,205,0,2,194,1,5.47,1,2,2,1
72,1,0,112,163,0,1,167,0,5.7,2,1,0,0
73,0,0,153,193,1,0,165,1,4.95,1,0,0,1
60,0,3,156,238,0,2,125,1,2.11,2,2,2,1
73,1,2,129,309,0,0,150,1,5.44,1,3,1,1
75,1,0,99,241,0,1,193,1,5.89,2,3,0,1
49,0,3,178,253,1,1,170,1,2.1,2,0,2,1
44,1,2,141,264,1,0,129,0,1.56,0,2,2,1
49,1,1,161,170,1,0,182,1,3.28,1,0,2,0
39,1,2,164,157,1,1,116,1,1.12,1,0,1,0
65,1,2,150,271,1,0,90,1,0.2,0,1,2,1
64,0,0,153,170,0,1,123,1,5.67,2,3,2,1
63,1,0,94,129,1,1,157,1,5.55,2,0,0,0
47,1,2,142,239,0,2,177,1,0.98,0,1,2,0
48,0,0,144,319,1,0,110,0,2.45,0,0,1,0
46,0,0,126,268,0,0,122,1,4.99,2,0,2,0
75,1,0,145,189,1,2,96,0,3.97,1,0,1,0
69,0,3,148,204,1,1,154,0,2.37,0,3,2,1
77,1,3,158,176,1,0,194,1,4.47,0,2,2,1
42,1,2,162,245,1,2,92,1,5.38,0,3,2,1
43,0,0,148,158,1,2,197,1,5.56,0,1,1,1
59,1,3,91,335,1,0,140,0,2.27,0,2,0,1
29,1,2,154,152,0,2,168,1,1.04,0,1,1,0
31,1,0,149,306,1,1,184,1,5.48,2,0,0,1
44,1,1,140,137,0,2,143,1,0.56,2,2,1,0
51,0,0,119,303,1,1,169,0,4.33,0,1,2,1
39,0,0,100,339,0,1,163,0,0.84,2,0,2,0
40,1,3,165,176,0,0,182,1,2.34,1,1,0,1
38,0,2,128,215,0,2,148,0,2.47,1,1,0,0
60,1,2,179,323,0,1,95,1,0.95,0,3,1,1
44,1,3,166,167,0,1,118,0,5.54,1,0,1,0
36,1,0,161,161,0,2,106,1,0.02,1,3,0,1
66,1,1,152,146,1,1,149,0,5.36,2,2,0,1
40,1,0,153,193,0,2,111,1,5.3,2,0,1,0
52,0,0,150,229,1,0,113,1,1.9,2,3,0,1
56,1,1,143,299,1,1,170,0,4.23,2,3,0,1
36,0,3,162,289,0,1,174,0,1.52,1,2,0,1
56,0,2,147,151,0,2,140,0,4.55,0,1,0,1
64,1,3,174,353,1,2,139,0,3.37,2,1,2,1
54,1,3,145,145,0,2,100,0,1.8,1,1,2,0
36,1,0,123,144,0,2,145,1,2.4,2,2,0,1
78,1,2,120,194,0,1,160,1,4.14,1,3,1,1
56,1,2,141,142,0,0,131,0,5.44,2,0,2,0
56,0,3,178,345,0,0,128,1,0.78,0,2,1,1
65,1,1,165,176,0,0,158,1,3.43,2,1,1,1
69,1,3,90,299,0,0,197,0,1.52,0,1,2,0
64,0,1,144,351,1,2,137,1,4.81,2,0,1,1
55,0,2,111,245,0,1,146,1,0.42,2,2,1,1
45,1,3,129,206,1,1,110,0,4.13,2,1,0,0
37,0,0,90,340,1,1,171,0,1.05,1,2,0,0
61,1,3,154,150,1,2,188,1,3.58,1,3,0,1
48,0,2,152,183,1,1,109,0,5.01,0,2,2,1
41,0,0,143,318,0,2,104,1,4.53,0,3,0,1
56,1,0,131,351,1,1,158,0,4.52,1,0,1,0
76,0,1,110,152,1,0,166,0,3.11,0,3,1,1
57,0,0,168,332,1,2,140,0,5.34,0,3,1,1
41,0,0,170,121,1,1,165,0,3.53,1,0,1,0
74,0,3,111,137,1,0,151,1,5.51,1,1,1,1
63,0,2,127,294,0,0,174,0,3.28,1,0,2,0
34,0,1,169,280,0,0,126,0,3.04,1,2,1,1
46,1,3,97,348,1,2,95,1,1.33,2,0,2,0
79,1,0,151,345,0,2,160,1,3.27,1,2,1,1
33,0,0,136,203,0,1,115,1,0.84,0,1,2,0
75,1,1,106,154,1,0,195,1,5.22,2,2,2,1
53,1,2,106,298,1,1,97,0,4.06,2,0,1,0
30,1,1,179,233,1,1,162,1,5.96,0,0,1,0
38,0,3,102,265,0,0,180,0,0.55,2,1,1,0
58,1,1,106,229,1,1,93,1,1.44,0,0,1,0
78,0,0,127,207,0,2,110,0,5.26,2,1,0,0
73,1,3,170,191,0,1,120,1,2.37,2,1,0,1
33,0,0,167,244,0,0,110,0,2.8,0,0,2,0
61,0,2,134,149,1,2,193,0,5.16,0,3,2,1
29,1,0,95,291,0,2,114,1,3.13,0,2,0,1
46,1,0,124,172,1,1,192,0,1.16,0,3,2,0
60,0,1,103,257,1,1,104,0,5.35,1,1,1,1
75,1,0,161,206,1,2,124,0,0.19,1,2,2,1
77,1,3,150,299,1,1,138,0,5.37,0,3,2,1
39,1,3,104,296,1,0,132,1,0.3,1,0,2,0
49,0,2,143,258,0,1,130,0,4.0,0,3,0,1
54,0,3,116,313,0,1,126,0,0.43,0,2,0,1
53,1,1,102,305,0,2,146,1,4.24,2,2,2,1
50,1,2,120,337,0,1,131,1,0.2,0,2,1,1
55,1,3,124,283,0,1,136,1,5.05,0,2,2,1
77,0,1,149,280,1,1,181,0,2.8,0,3,0,1
41,0,3,95,294,1,0,150,0,0.56,0,0,1,0
61,1,3,158,132,0,1,103,1,4.24,2,0,2,1
62,1,0,175,159,0,0,157,0,2.94,0,2,0,1
69,1,3,147,208,0,0,142,1,1.15,2,0,1,0
63,1,3,138,187,1,0,173,0,0.09,0,3,2,1
29,1,1,112,161,1,0,123,1,2.51,2,0,0,0
49,1,1,178,266,1,2,165,0,0.51,1,1,1,0
76,0,0,123,329,0,0,186,1,0.57,2,0,2,0
34,1,3,115,348,0,1,113,0,1.6,2,2,1,0
56,0,0,136,213,0,0,109,1,3.78,0,0,1,0
45,1,3,94,138,0,1,158,0,3.18,2,0,1,0
33,1,2,179,305,1,0,191,0,0.41,2,0,0,0
59,0,2,109,142,0,2,119,0,5.81,0,0,2,0
33,0,0,95,173,0,0,177,1,5.32,1,1,1,0
66,0,0,159,327,0,0,196,0,1.56,1,3,1,1
31,0,0,148,184,1,2,193,0,0.73,1,2,1,0
51,1,1,153,259,1,0,96,0,5.65,2,2,0,1
65,0,1,107,143,0,1,125,1,2.77,0,0,1,0
65,1,1,93,153,1,0,127,0,1.87,1,3,0,1
38,0,0,106,172,1,0,169,1,2.94,1,0,0,0
38,1,3,103,255,1,0,141,0,4.64,1,1,1,0
47,1,2,167,137,1,2,104,1,1.01,1,3,1,1
45,1,0,102,176,1,0,135,1,4.6,0,3,0,1
49,1,1,96,231,0,0,112,0,4.5,1,3,0,1
42,1,1,133,124,0,1,101,1,3.24,2,3,1,1
37,1,0,104,273,0,0,182,1,5.2,2,0,0,0
74,0,0,108,277,1,0,133,0,0.79,0,1,0,0
29,1,1,152,301,1,0,104,1,3.57,1,3,1,1
79,0,3,124,132,1,0,182,1,2.7,1,2,1,1
73,0,1,170,202,1,1,198,1,2.53,2,2,2,1
41,1,1,124,148,0,1,196,1,1.52,0,1,1,0
32,0,0,108,122,0,2,138,0,2.23,2,2,1,0
29,1,3,109,209,0,0,110,1,0.65,0,0,1,0
77,0,1,124,223,0,2,104,1,1.51,0,0,2,0
68,1,1,121,242,0,2,103,0,1.63,0,1,0,0
60,0,2,137,305,0,0,131,0,4.32,2,3,1,1
62,1,0,133,195,1,1,197,1,0.29,0,2,1,1
56,1,2,113,249,1,1,169,0,3.91,2,2,2,1
59,1,2,150,322,0,0,104,0,1.33,2,1,2,1
36,1,1,106,227,1,0,195,0,0.49,1,1,2,0
67,0,0,160,275,0,1,152,0,1.8,2,2,0,1
54,1,3,139,201,0,0,157,0,1.35,2,3,2,1
62,0,1,154,196,1,0,116,0,3.31,1,1,0,1
31,0,3,121,348,0,0,176,0,2.14,1,0,1,0
78,0,3,125,333,0,1,182,0,5.8,1,2,1,1
40,1,0,102,323,0,2,194,0,5.78,0,1,1,0
29,0,2,159,121,1,2,142,1,2.66,0,1,2,1
72,0,0,147,246,1,0,141,1,4.77,1,1,1,1
33,0,3,103,348,1,1,152,1,0.08,0,2,2,1
58,1,1,126,254,1,0,162,1,3.29,1,0,0,1
58,1,3,168,145,0,1,142,1,4.46,0,0,1,1
45,0,1,157,337,1,0,146,0,1.3,2,2,0,1
76,1,1,129,207,1,1,141,0,0.37,0,1,2,0
75,1,0,148,323,1,1,196,1,0.94,0,2,2,1
51,0,3,169,135,0,2,132,1,2.65,2,2,1,1
43,0,2,105,270,1,0,96,0,3.04,1,1,1,0
65,1,3,151,287,1,2,131,1,2.29,0,2,2,1
49,0,3,93,307,0,2,93,0,2.64,0,3,1,1
42,1,2,134,192,0,1,158,1,2.82,2,0,1,0
30,1,0,179,151,0,0,94,0,4.62,2,3,0,1
39,1,3,117,134,0,1,164,1,0.63,2,3,2,1
79,1,3,155,348,1,1,194,0,4.61,2,3,0,1
67,1,1,120,260,0,1,181,1,4.13,1,2,1,1
66,1,3,92,124,1,0,169,1,4.45,0,1,0,1
62,0,2,97,322,1,0,130,0,4.41,0,2,2,1
66,0,1,113,193,1,1,183,0,2.82,0,0,0,0
78,1,0,104,171,1,0,93,1,1.27,0,2,0,1
62,1,1,132,196,1,1,91,1,3.22,1,2,1,1
46,1,2,120,288,0,0,199,0,5.75,0,2,2,1
58,0,2,162,300,1,0,156,0,3.53,1,2,1,1
43,1,1,134,229,1,2,110,0,0.07,1,3,1,0
55,0,0,155,297,1,1,159,1,0.36,2,1,2,1
79,1,1,97,262,0,2,132,1,5.96,2,0,0,1
62,1,0,160,225,1,2,171,0,0.43,0,0,1,0
66,0,1,146,246,1,1,197,1,0.28,1,0,0,1
61,0,2,169,126,0,1,158,1,2.12,2,2,2,1
52,1,3,119,159,1,0,98,0,5.82,1,0,1,0
43,1,3,163,275,1,1,173,1,1.91,2,3,0,1
58,1,0,107,279,0,2,117,0,2.46,1,1,0,1
70,0,0,158,218,1,2,115,0,3.8,0,2,1,1
79,0,0,128,262,1,1,171,1,0.14,0,2,2,1
45,0,2,149,359,1,2,172,1,5.39,1,3,0,1
33,0,1,132,347,1,0,92,0,3.12,2,0,2,0
57,0,2,134,204,1,2,162,0,2.8,2,2,1,1
32,0,3,112,317,0,0,189,0,5.16,0,2,0,1
38,1,0,158,184,0,2,184,1,5.72,0,3,0,1
45,1,1,95,251,0,0,138,0,2.54,0,3,0,1
38,0,3,145,130,1,0,106,0,1.03,2,0,2,0
45,1,3,93,227,1,1,152,0,4.89,2,1,0,0
48,1,3,112,145,1,0,144,0,2.42,0,1,0,0
52,0,2,95,308,0,1,112,1,5.61,1,0,1,1
33,1,0,121,284,1,2,123,1,5.7,2,1,0,1
62,0,3,107,270,1,2,194,0,0.69,0,3,2,1
34,0,0,104,340,1,2,194,1,5.74,1,3,1,1
30,1,2,129,204,0,0,158,1,2.21,2,3,1,1
41,0,3,162,359,0,2,104,1,3.88,1,1,0,1
71,0,2,163,356,1,2,136,0,0.21,1,1,1,1
71,0,2,173,356,1,1,92,1,5.33,2,2,0,1
76,0,0,95,338,1,1,172,1,3.85,0,2,1,1
39,0,3,152,350,0,2,117,0,3.86,1,2,2,1
79,0,2,156,287,0,2,92,0,5.41,0,1,0,1
75,0,3,100,324,0,0,191,1,3.05,2,2,2,1
51,0,0,132,270,1,0,93,1,2.46,1,3,0,1
44,1,2,106,242,0,2,177,0,5.2,1,1,2,0
59,1,0,93,263,1,1,120,0,4.45,1,0,2,0
39,1,3,152,341,1,2,134,0,5.69,1,1,1,1
44,0,3,157,308,0,0,148,0,5.64,1,2,0,1
36,0,0,170,187,1,1,134,1,2.29,2,1,1,1
32,1,1,130,223,0,1,164,0,2.68,1,2,2,0
68,1,2,172,199,1,0,126,1,1.54,2,2,0,1
32,1,3,94,278,1,2,154,1,3.96,0,0,2,0
53,0,3,121,172,0,2,98,1,2.19,2,0,2,0
31,1,2,175,225,1,2,106,0,4.72,1,3,2,1
60,1,0,159,272,1,0,154,0,0.73,0,2,2,1
31,0,0,124,163,1,1,92,1,0.7,2,1,1,0
55,1,0,111,259,1,0,115,1,1.23,2,0,2,0
57,0,1,154,209,1,2,142,1,0.51,2,0,1,0
60,0,1,173,220,1,0,120,1,3.72,1,2,2,1
78,0,3,111,359,1,1,115,1,0.88,1,1,0,1
79,1,0,100,216,1,0,112,0,0.96,2,0,2,0
47,1,2,166,339,0,2,119,0,0.09,2,0,2,0
49,0,3,92,128,0,1,99,0,4.69,0,1,0,0
33,1,2,98,131,1,0,161,1,4.87,1,0,0,0
46,1,3,149,188,1,0,197,1,0.97,1,1,2,0
56,1,1,165,301,0,1,178,0,4.44,0,2,2,1
70,1,3,176,301,1,1,153,0,2.6,2,0,1,1
50,0,1,103,147,0,2,111,1,1.44,2,2,0,0
49,1,3,107,175,0,1,104,0,3.73,0,1,0,0
34,0,0,162,218,0,2,194,0,1.07,2,2,1,0
29,0,2,112,316,1,0,145,0,4.54,2,2,2,1
33,1,0,163,345,1,2,163,1,0.29,0,2,2,1
69,0,3,172,229,1,0,109,1,5.75,0,3,0,1
40,1,3,136,345,0,1,194,0,0.43,0,1,1,0
54,1,3,158,196,0,0,136,1,3.48,2,1,2,1
74,0,1,136,222,0,1,176,0,5.41,0,1,0,0
62,0,2,176,225,1,0,142,0,0.07,2,1,2,0
77,0,2,119,228,0,0,142,1,2.99,1,1,2,1
42,0,3,114,231,0,0,90,1,2.1,1,0,2,0
54,1,3,117,177,1,0,91,1,3.48,0,0,0,0
73,1,1,114,197,0,2,147,0,1.35,2,0,1,0
55,1,0,163,194,0,0,108,0,0.39,2,2,1,1
37,0,0,167,161,1,2,151,0,3.76,2,2,2,1
54,0,2,147,285,1,1,167,1,2.5,0,1,1,1
75,0,1,130,187,0,1,161,0,3.73,2,3,2,1
50,1,3,114,300,1,2,191,0,1.26,2,1,0,0
75,0,2,167,152,0,1,101,0,2.03,2,0,0,0
58,1,1,137,190,1,1,115,0,3.37,1,1,0,0
71,0,0,99,175,0,0,116,1,3.56,2,2,2,1
76,1,1,164,224,1,0,118,1,2.23,1,1,1,1
45,1,0,100,319,0,0,104,1,1.68,2,0,0,0
54,0,1,174,220,1,2,135,0,1.64,2,1,2,0
64,0,2,110,170,1,2,90,0,1.05,2,2,1,0
29,1,0,175,193,1,1,149,0,1.95,1,3,1,1
36,1,2,134,290,1,0,196,1,1.2,2,0,1,0
77,0,2,96,240,1,2,181,1,3.8,0,1,2,1
63,0,0,170,262,1,2,146,1,3.41,2,2,2,1
43,1,0,153,285,1,0,92,1,2.3,1,0,2,1
75,0,3,153,262,0,2,107,1,1.95,1,0,0,1
50,1,3,91,124,0,0,141,0,1.43,0,2,2,0
42,1,3,165,340,1,1,149,1,3.21,0,1,0,1
54,0,2,131,202,1,1,123,1,5.51,0,1,0,1
56,0,2,171,301,0,1,185,1,4.11,1,1,0,1
51,0,3,143,170,0,0,182,0,4.47,2,0,2,0
42,0,2,164,129,1,2,178,1,5.01,2,3,0,1
52,0,2,105,259,0,1,149,1,2.11,0,0,2,1
30,1,0,107,123,0,1,115,1,0.38,0,1,2,0
73,1,0,148,214,1,1,192,0,3.74,2,0,0,0
54,0,2,179,265,1,2,161,0,1.13,0,3,0,1
42,0,3,105,199,1,2,108,1,3.41,2,0,0,0
79,0,1,95,351,0,0,195,1,4.44,2,2,2,1
35,1,3,146,155,1,1,111,1,4.7,2,1,2,1
31,0,1,136,144,1,2,182,1,1.81,2,1,0,0
75,0,3,137,334,0,0,122,0,3.07,1,1,0,1
51,1,0,131,323,1,1,127,1,3.73,2,0,1,1
74,1,2,165,217,0,2,198,0,4.92,0,0,0,0
71,0,2,149,283,0,2,199,1,4.57,0,0,1,1
75,0,0,166,220,0,0,124,0,5.93,0,1,1,1
73,0,1,93,314,0,1,196,0,0.05,0,0,2,0
46,1,1,91,128,0,1,156,1,2.62,1,1,2,0
66,0,1,179,180,0,2,172,0,1.54,2,0,1,0
63,0,0,148,172,1,1,99,1,0.72,2,1,1,1
79,0,1,116,265,1,0,180,0,5.47,0,2,0,1
43,1,0,116,290,1,2,104,0,5.99,0,0,1,0
53,1,3,168,282,0,2,100,1,1.08,0,1,0,1
65,0,3,161,182,1,0,179,1,0.23,2,2,2,1
56,0,0,96,240,0,2,113,0,1.65,1,2,0,0
38,1,2,152,345,1,1,166,0,5.01,1,3,2,1
67,1,3,135,224,0,1,185,1,1.76,1,0,1,0
45,1,1,152,325,1,2,190,1,0.34,1,1,1,1
67,1,0,101,123,0,0,93,1,0.31,0,3,1,1
50,1,1,102,212,1,0,102,0,2.56,2,0,0,0
54,1,1,132,288,0,1,162,1,5.59,0,2,2,1
72,1,2,106,292,1,0,146,1,1.72,1,0,2,0
53,1,1,152,297,0,2,187,0,2.56,0,1,2,1
45,1,2,170,326,1,2,126,1,0.61,1,2,2,1
41,0,3,125,147,1,1,137,1,2.96,2,3,2,1
48,0,0,174,289,1,1,160,1,4.18,1,0,0,1
53,0,1,97,199,0,1,90,1,1.63,0,0,2,0
32,1,0,158,195,0,0,149,0,1.78,2,3,1,1
38,0,1,179,235,0,2,101,1,5.05,1,0,2,0
31,1,0,169,188,0,2,110,1,0.06,1,0,1,0
69,1,1,125,217,0,2,100,1,3.82,2,0,0,0
73,0,1,117,353,1,1,133,1,2.36,0,2,0,1
46,1,1,136,120,0,2,147,1,1.79,2,2,1,0
75,0,1,165,286,1,0,197,1,3.95,0,1,2,1
64,0,1,119,215,1,0,133,0,5.01,1,0,0,0
75,0,1,112,337,0,2,167,0,3.35,1,1,0,1
50,1,1,105,136,1,1,187,0,0.19,2,2,0,0
62,0,1,103,231,0,2,123,1,2.77,1,0,2,0
75,1,1,163,210,0,0,114,1,2.78,2,1,1,1
36,0,0,160,207,0,0,93,1,3.26,1,0,1,0
68,0,2,141,282,1,0,153,0,4.03,1,0,2,1
77,0,1,126,293,0,2,179,1,0.12,0,3,0,1
72,1,2,118,289,0,0,105,0,3.01,2,1,2,1
47,1,1,156,286,0,1,99,1,3.53,2,2,2,1
70,1,1,104,209,1,2,198,1,2.06,1,1,1,1
69,0,0,136,168,0,2,155,0,4.01,0,1,2,0
65,0,3,135,309,1,0,124,0,1.37,0,1,2,0
34,1,3,141,157,1,0,172,0,1.9,2,3,0,1
54,1,0,108,270,0,1,95,0,5.78,2,0,0,0
62,1,2,166,269,1,2,108,0,2.09,1,2,1,1
73,1,3,110,251,1,0,148,0,2.08,2,3,0,1
34,1,0,153,296,0,1,142,1,3.57,1,2,2,1
65,1,0,126,178,0,0,97,0,5.83,0,3,2,1
61,0,3,116,320,0,2,167,1,5.9,2,0,2,1
50,1,2,144,187,1,0,99,1,3.48,0,2,1,1
49,0,0,118,318,0,2,156,1,0.01,0,1,0,0
34,0,1,109,334,1,0,127,1,5.4,1,3,2,1
34,1,2,114,249,1,2,118,1,3.42,0,2,0,1
76,1,2,159,168,1,1,104,0,2.2,1,0,0,0
32,0,3,152,335,1,2,176,0,4.98,1,2,0,1
58,1,3,125,351,1,1,112,0,2.4,0,3,0,1
39,1,1,91,245,0,2,171,1,0.2,0,0,1,0
58,0,0,111,342,0,1,135,0,4.93,1,1,1,1
59,0,3,105,358,1,0,172,1,3.28,1,3,1,1
52,0,3,107,278,1,2,117,1,2.03,0,3,2,1
37,1,2,158,230,0,0,115,1,1.51,1,0,2,0
31,0,3,143,287,0,1,99,1,3.56,1,3,2,1
79,1,3,119,167,1,2,136,0,1.25,2,2,1,0
59,0,3,134,170,1,2,93,0,1.94,2,1,0,0
68,0,3,108,162,0,0,144,0,3.82,2,2,1,1
65,0,2,176,217,0,2,155,0,5.29,2,0,2,0
64,1,1,123,302,1,2,156,0,3.2,2,3,2,1
52,1,1,102,335,0,0,96,1,4.55,1,1,0,1
59,0,0,132,296,0,2,144,0,4.58,1,0,1,0
34,0,3,151,243,1,0,169,1,3.99,2,2,0,1
30,0,2,111,337,1,0,120,1,1.48,0,3,1,1
48,1,0,141,199,1,0,163,1,5.2,2,3,2,1
56,0,0,141,304,0,0,108,0,2.62,0,0,0,1
39,1,1,125,230,1,0,117,1,0.27,1,2,0,0
32,0,2,162,324,0,1,170,1,1.47,0,3,1,1
43,0,2,108,262,1,1,117,0,4.59,1,2,1,1
34,0,2,127,146,1,0,108,1,0.41,0,1,1,0
77,0,1,159,315,0,1,190,1,0.88,1,3,2,1
58,0,1,168,327,0,1,176,1,4.17,1,1,1,1
66,0,1,146,311,1,2,109,0,5.36,2,3,2,1
79,1,1,109,341,1,0,102,1,3.8,1,0,1,1
30,0,1,98,355,0,1,166,1,1.33,2,3,1,1
43,1,3,121,277,1,2,132,0,0.32,2,3,2,1
39,0,3,93,283,0,2,100,0,3.69,2,2,1,1
36,0,2,139,314,0,0,137,1,0.28,0,2,2,1
54,1,0,171,333,1,0,104,0,3.68,0,1,2,1
79,0,2,94,232,0,2,106,0,1.35,1,1,1,0
73,1,0,109,205,0,0,143,0,5.43,2,1,1,0
72,1,1,176,233,0,0,139,0,2.85,2,3,0,1
33,0,0,164,243,1,2,117,0,1.34,1,3,1,1
34,1,2,126,168,0,2,172,0,5.12,2,1,0,0
54,1,2,111,195,1,0,93,0,1.52,1,0,1,0
32,0,0,147,174,1,1,111,1,1.84,2,0,2,0
47,1,3,157,332,1,0,175,0,5.01,0,3,2,1
48,0,1,133,175,0,1,190,0,1.85,1,0,0,0
61,0,1,123,315,0,2,128,0,2.46,1,0,1,0
48,0,2,166,214,1,1,123,1,2.09,0,1,0,1
77,0,3,131,163,1,2,186,0,0.7,1,0,1,0
40,1,0,98,278,0,0,133,0,0.23,0,0,1,0
75,0,1,96,305,1,0,131,1,4.35,2,3,2,1
29,0,3,157,206,1,2,129,0,3.87,0,3,0,1
54,1,1,108,300,0,2,186,1,1.69,0,3,2,1
42,0,3,120,203,1,2,101,1,1.77,1,0,2,0
66,0,3,124,326,0,0,91,0,5.67,2,1,2,1
65,1,2,146,270,0,0,117,1,5.93,0,2,0,1
39,1,1,174,275,1,1,163,0,2.84,2,3,1,1
64,1,0,150,135,0,2,175,0,4.81,0,3,1,1
41,1,2,120,284,0,1,170,1,4.42,1,3,0,1
71,1,2,172,268,0,0,179,1,1.78,0,1,1,1
31,1,0,142,326,1,1,156,0,0.35,0,2,0,1
61,1,2,121,264,1,1,160,0,0.86,2,2,0,1
34,0,3,155,156,1,0,197,1,5.03,0,3,1,1
78,1,3,148,196,0,0,161,0,4.39,1,0,2,0
38,1,1,99,266,0,2,173,0,3.99,1,3,0,1
33,1,1,91,277,1,1,165,0,0.78,0,3,0,1
51,0,0,155,164,1,0,188,1,3.84,0,0,0,1
38,0,1,149,265,0,0,170,0,4.63,2,0,0,0
72,1,3,177,325,1,1,181,0,5.16,2,3,1,1
30,1,0,106,181,1,0,194,0,0.08,1,1,1,0
41,1,0,105,283,1,2,99,1,4.11,2,1,0,1
68,0,1,105,219,1,2,175,1,0.11,0,0,2,0
30,0,3,135,331,1,1,191,1,4.24,1,3,1,1
48,1,0,128,171,0,2,146,0,3.81,2,1,2,0
29,0,3,120,138,1,0,186,1,0.89,1,3,2,1
65,1,3,177,228,1,0,175,0,4.6,0,3,0,1
37,0,3,90,163,0,0,197,1,0.41,2,3,1,1
45,0,1,100,126,0,0,126,0,4.96,0,1,0,0
37,1,2,174,291,0,1,166,1,1.57,0,2,0,1
39,1,2,93,236,0,2,180,0,4.13,1,3,2,1
43,1,0,160,187,1,2,153,0,5.54,1,1,2,0
52,1,3,115,153,1,0,168,1,2.04,1,2,2,1
66,0,1,139,313,1,1,175,0,3.02,2,0,0,0
63,0,3,101,188,1,0,183,1,2.78,2,1,0,1
58,0,3,170,174,0,0,196,1,0.95,1,2,0,1
59,1,1,164,129,0,1,129,0,3.54,2,1,0,1
77,0,2,154,343,1,1,190,0,4.46,2,2,0,1
33,1,3,136,161,1,0,187,1,5.5,1,2,0,1
72,0,3,142,160,1,2,197,1,5.1,0,1,0,1
78,1,2,160,324,1,0,149,1,3.06,2,0,0,1
42,1,1,91,350,0,2,187,0,4.31,2,3,1,1
39,0,0,113,316,1,2,137,1,4.8,0,2,1,1
37,1,2,93,241,0,1,188,0,2.96,0,3,1,1
62,1,0,108,257,0,1,195,0,0.69,0,0,1,0
40,0,0,115,129,0,0,108,1,2.63,1,3,0,1
63,1,2,164,221,0,2,161,1,5.05,0,3,0,1
63,1,3,129,338,1,2,192,0,3.58,1,1,2,1
29,1,0,139,307,1,0,122,0,4.35,0,1,2,0
68,0,0,132,247,1,0,133,0,1.11,0,0,1,0
50,0,1,164,298,1,0,181,0,5.79,1,1,2,1
57,1,3,156,268,0,1,126,1,2.42,1,2,1,1
36,0,0,101,255,0,0,178,0,3.92,0,0,0,0
39,1,1,156,312,0,0,125,1,0.11,0,1,0,1
69,1,3,116,211,1,2,170,1,0.76,0,1,2,0
65,1,2,143,232,0,0,177,1,4.69,2,0,0,1
42,1,2,155,350,0,2,110,0,5.81,0,2,0,1
58,1,1,138,197,0,2,91,0,1.92,1,0,1,0
63,0,2,105,204,0,1,120,1,0.22,2,1,2,0
49,1,0,91,149,1,0,197,1,2.17,1,1,0,0
65,0,3,149,332,0,0,186,1,0.1,2,0,2,1
33,0,0,143,168,0,2,119,1,1.15,2,2,0,1
47,1,0,119,128,1,1,165,0,4.51,1,2,1,0
42,1,2,173,264,1,1,133,1,5.62,2,3,0,1
54,0,0,127,188,1,0,101,0,0.52,1,2,2,0
32,0,2,117,177,0,2,140,0,3.35,0,0,2,0
53,0,3,114,304,0,0,138,0,1.52,2,2,1,1
73,1,3,99,181,0,0,113,0,0.83,1,2,0,0
70,0,0,149,342,0,0,113,1,1.31,2,3,1,1
53,1,1,131,171,1,0,149,0,3.47,1,2,2,1
46,1,2,129,308,0,2,100,1,0.39,0,3,1,1
68,1,2,166,159,0,1,102,0,2.61,0,3,0,1
36,0,0,131,285,1,0,180,1,0.81,2,2,0,1
67,1,2,136,290,1,0,161,1,1.64,2,1,1,1
68,1,2,126,182,1,0,163,1,1.14,1,0,2,0
42,1,1,169,266,0,0,161,1,5.3,1,0,2,1
60,1,1,111,347,0,1,153,1,4.25,2,2,1,1
79,1,0,146,169,0,1,109,0,5.21,1,0,0,0
66,0,1,173,280,0,1,161,1,2.3,1,0,0,1
61,1,0,116,260,0,1,162,0,1.88,1,3,0,1
51,1,3,130,197,1,0,160,1,2.28,2,1,0,1
43,0,0,169,216,1,2,167,0,0.11,0,0,2,0
61,1,3,123,309,0,1,117,0,4.35,0,1,0,1
53,0,0,121,340,0,1,91,0,2.1,1,0,1,0
45,1,2,179,162,0,0,132,1,1.88,2,1,1,0
61,0,1,178,296,0,0,97,0,3.59,1,1,1,1
75,0,3,155,155,0,0,102,1,2.62,0,0,1,1
30,1,0,101,241,1,0,174,1,5.89,1,3,0,1
42,1,1,129,227,1,2,181,0,2.14,0,1,2,0
68,1,0,162,129,1,2,124,0,3.68,2,1,0,1
68,0,1,165,214,0,1,112,1,1.87,1,0,2,0
79,0,1,179,125,0,2,135,1,5.94,2,1,0,1
67,0,0,162,176,1,1,104,1,2.67,1,1,2,1
79,1,3,99,248,1,1,91,1,3.8,1,3,1,1
34,0,3,137,190,0,2,150,1,0.76,1,1,1,0
34,0,2,109,305,1,1,165,1,4.4,1,3,2,1
31,1,1,128,338,1,0,153,0,1.62,1,1,2,0
35,0,2,149,140,0,1,141,1,2.69,2,1,2,1
79,0,2,155,211,1,0,125,1,5.3,2,3,1,1
36,1,0,154,246,1,2,156,0,5.82,0,3,1,1
70,0,0,140,199,1,2,158,0,2.55,1,2,0,1
43,1,0,125,175,0,1,156,0,5.01,0,1,2,0
75,1,1,113,357,1,0,136,1,0.32,2,3,2,1
57,1,0,116,334,1,1,172,0,5.09,0,1,2,1
61,1,0,91,235,1,2,91,0,3.78,2,1,1,0
58,1,1,120,267,0,1,133,1,2.93,1,1,2,1
67,0,1,146,349,0,1,190,1,5.34,0,0,2,1
55,0,3,167,301,1,0,153,1,5.07,0,2,1,1
64,1,0,155,144,0,2,170,1,1.78,0,0,2,0
57,1,0,118,275,1,1,167,0,4.75,0,2,0,1
66,0,0,104,124,0,0,117,1,0.6,1,1,1,0
61,1,3,101,239,0,1,180,0,4.94,2,1,1,0
65,1,0,117,140,1,0,143,1,4.05,2,3,1,1
55,1,3,173,137,1,0,163,0,0.53,1,2,0,1
61,0,2,113,294,1,1,156,1,4.1,2,2,1,1
32,0,3,110,317,0,2,125,1,3.48,0,0,1,0
50,1,2,99,176,1,2,191,1,3.57,1,2,1,1
30,1,0,167,212,0,0,152,0,1.75,2,1,1,0
38,0,2,107,138,0,2,114,0,1.6,1,3,0,0
33,0,3,177,247,1,0,175,0,4.58,1,0,2,0
38,1,1,103,216,0,2,137,1,1.54,2,3,2,1
61,1,2,123,312,1,1,128,0,2.68,2,2,1,1
66,0,2,147,356,0,2,136,1,4.17,1,2,0,1
41,0,0,165,250,1,0,183,1,0.48,1,0,1,0
59,0,3,111,289,0,0,110,1,3.57,2,2,2,1
75,1,2,159,140,0,2,119,0,3.54,1,3,2,1
64,0,2,125,346,1,1,181,1,4.11,2,1,0,1
73,1,2,134,352,0,0,120,0,2.22,1,0,2,0
52,0,2,125,159,1,0,115,1,2.69,1,2,1,1
43,0,1,111,186,0,0,196,1,1.98,1,3,0,1
57,0,3,167,272,0,0,111,1,4.85,2,1,2,1
36,0,0,169,246,0,0,110,0,0.78,0,2,1,1
33,1,0,150,356,1,1,90,0,5.78,2,0,0,0
57,1,1,145,349,1,2,126,1,3.81,1,2,1,1
75,0,3,178,356,1,1,166,0,5.32,0,2,2,1
32,1,2,122,174,1,1,174,0,2.56,0,2,1,0
40,0,1,134,331,1,0,135,1,1.99,1,1,0,0
73,0,3,125,299,0,1,98,1,5.4,2,1,1,1
30,0,2,109,291,0,0,106,0,0.59,0,2,2,0
55,0,1,107,228,1,1,136,1,0.7,0,2,0,1
59,1,3,127,217,0,0,174,1,1.8,2,0,0,0
79,0,0,156,332,0,0,184,0,5.76,2,2,2,1
79,0,0,112,303,0,1,192,0,3.8,0,3,1,1
64,1,3,105,302,0,1,148,1,3.33,2,3,1,1
64,0,0,148,231,1,2,143,0,4.23,0,0,2,0
54,0,3,158,334,0,2,175,0,2.5,1,1,0,1
71,0,2,157,317,1,2,101,1,4.55,2,2,2,1
55,1,3,110,234,1,1,153,1,2.36,0,0,0,0
33,0,2,167,236,0,1,95,1,4.96,2,1,0,1
48,1,1,167,324,1,0,142,1,1.6,2,0,1,0
39,0,3,159,206,0,2,105,0,1.67,0,1,2,0
38,0,1,101,320,0,0,179,0,3.13,1,2,0,1
68,1,0,105,200,0,0,94,1,2.58,0,0,1,0
66,0,2,170,185,1,0,162,1,3.89,2,2,2,1
34,0,3,176,138,1,0,135,1,2.19,0,0,2,0
36,1,1,103,330,1,2,193,1,1.38,2,1,0,0
51,1,2,150,254,0,0,103,0,2.82,0,0,0,1
75,1,2,160,237,0,1,133,0,3.37,1,3,0,1
54,1,0,135,310,0,1,152,1,0.86,1,3,2,1
74,1,0,121,161,1,1,195,1,3.34,1,0,0,0
71,0,2,104,161,0,2,183,0,1.92,1,3,2,1
40,1,2,133,178,0,0,141,0,2.35,0,2,1,0
54,0,3,106,139,1,2,115,0,1.68,1,3,2,1
41,0,2,130,192,1,0,142,0,5.59,0,3,0,1
68,0,3,143,136,1,2,198,1,4.1,2,2,2,1
46,1,2,133,146,0,2,118,0,1.57,2,2,0,0
53,1,0,94,294,0,0,108,0,3.87,2,1,1,1
61,0,3,116,121,0,2,136,0,5.09,1,2,0,1
75,1,1,176,182,1,0,97,1,2.41,1,0,0,1
68,1,0,167,181,1,1,112,1,4.98,1,3,0,1
71,1,3,168,219,1,1,195,0,0.93,2,1,0,0
40,1,3,132,138,1,1,124,0,4.94,2,2,0,0
72,0,1,120,136,0,2,184,1,3.24,2,3,0,1
64,0,3,106,188,0,1,142,1,1.34,2,0,1,0
76,1,2,172,286,0,0,188,0,2.44,0,0,1,1
32,0,1,143,329,0,1,185,1,5.93,0,1,2,1
33,1,0,151,236,0,1,147,0,4.7,1,0,0,0
65,1,0,176,318,0,2,94,1,3.45,1,3,2,1
36,0,2,121,200,0,0,105,0,0.69,2,2,1,0
70,0,0,129,158,0,2,106,0,2.51,0,0,1,0
77,0,3,102,155,1,2,121,1,1.58,0,2,0,1
56,1,3,173,287,1,0,191,0,0.43,1,3,0,1
59,0,2,124,292,0,2,185,1,3.25,0,3,2,1
37,1,0,94,251,1,0,141,1,5.34,1,2,1,1
79,0,0,162,349,0,1,109,1,4.05,2,3,2,1
57,0,2,118,272,0,0,155,0,1.5,2,1,2,0
42,1,1,159,316,1,0,173,0,3.44,1,0,2,0
68,1,0,114,277,0,0,171,0,5.66,2,1,0,1
69,1,1,111,323,0,2,90,1,4.34,2,1,1,1
50,1,0,155,315,0,0,147,0,4.14,0,1,2,1
39,1,0,134,335,0,0,182,0,5.81,0,2,1,1
51,1,0,158,148,0,0,182,0,4.79,0,2,1,1
29,1,0,178,320,0,1,172,0,0.82,0,3,2,1
74,1,3,161,315,0,0,133,1,2.09,0,2,2,1
65,0,1,90,170,1,2,193,0,5.79,1,3,0,1
49,1,1,173,271,1,0,95,1,2.94,1,2,1,1
54,1,0,133,133,0,0,197,1,0.67,0,3,2,1
74,0,0,176,188,1,1,192,1,2.75,2,0,2,1
64,1,1,164,265,0,0,139,1,4.18,2,3,1,1
51,0,3,128,289,0,2,199,0,5.99,1,0,2,0
29,0,2,143,176,0,0,161,0,1.94,1,3,1,1
79,1,2,177,330,0,2,177,0,3.08,1,2,2,1
68,0,1,164,131,1,1,109,1,5.28,2,2,1,1
43,1,0,118,329,1,0,103,0,2.13,1,0,2,0
49,0,0,143,136,1,1,94,1,0.66,2,1,2,0
75,0,3,179,149,1,0,130,0,5.69,1,1,0,1
37,0,2,105,207,0,2,129,0,2.93,2,3,1,1
37,1,3,109,322,1,1,123,0,3.02,1,2,0,1
38,1,2,135,218,0,0,169,1,3.73,1,1,2,0
54,0,1,156,142,0,2,134,0,0.02,2,2,1,1
69,0,2,154,328,1,1,160,1,5.59,1,2,1,1
63,1,3,147,248,0,0,169,1,2.17,0,2,2,1
53,1,3,142,198,1,1,160,1,2.38,2,3,2,1
54,0,3,90,151,1,0,116,0,1.04,1,0,2,0
39,0,1,170,128,1,2,167,0,2.27,2,3,2,1
66,1,2,155,134,1,2,167,1,4.82,1,1,1,1
30,1,2,118,275,1,1,133,1,4.8,0,0,0,0
35,1,3,173,271,0,1,122,1,5.61,1,1,1,1
46,1,2,159,307,1,0,122,1,2.42,1,0,1,1
55,1,0,97,282,1,2,133,1,4.25,0,0,1,1
62,0,0,118,333,0,0,109,0,3.04,2,3,1,1
55,1,0,140,146,1,2,125,0,4.82,1,2,2,1
45,0,2,122,330,1,1,96,0,4.28,1,2,0,1
71,1,1,92,228,0,0,121,1,2.21,0,0,1,0
72,0,1,149,195,0,0,156,1,2.02,2,3,1,1
79,1,1,124,267,1,2,128,0,1.51,2,1,0,0
52,1,1,158,184,0,2,182,0,3.46,0,1,2,1
53,0,0,165,332,1,2,113,1,5.78,0,2,1,1
35,0,0,173,296,0,1,175,1,1.2,1,2,2,1
34,1,3,109,228,1,0,159,1,0.57,0,1,1,0
52,1,2,162,248,1,2,177,0,0.72,0,1,1,1
61,1,2,128,129,1,1,193,1,4.7,0,3,0,1
77,1,1,93,166,0,2,176,1,2.1,2,1,0,1
57,1,0,108,242,1,0,143,1,1.35,0,3,2,1
71,0,1,134,178,0,2,127,0,2.12,1,2,1,1
50,0,3,132,215,1,0,163,1,3.87,1,1,2,0
54,1,2,102,309,1,1,169,0,3.28,1,2,0,1
56,0,2,102,222,1,1,164,1,4.46,0,0,0,0
78,0,1,149,243,1,2,121,1,2.03,2,0,0,1
49,0,3,146,205,1,0,134,0,2.71,0,0,0,0
77,1,2,175,265,0,0,150,1,0.61,0,1,0,1
35,0,3,141,231,0,0,159,0,0.44,1,2,2,0
45,1,3,142,293,0,2,177,1,2.77,0,1,2,1
48,0,1,175,279,1,0,186,0,1.81,2,2,0,1
69,1,0,132,146,1,0,142,1,3.68,1,3,1,1
77,0,1,172,339,0,0,140,0,0.26,2,1,1,1
48,1,0,161,137,1,0,165,0,0.73,2,0,1,0
50,1,3,161,286,1,2,145,1,5.19,2,3,1,1
56,0,0,131,296,1,2,116,0,3.4,0,2,1,1
68,1,3,179,340,0,0,127,1,4.27,0,1,0,1
77,1,2,115,201,0,0,151,0,5.05,0,2,2,1
35,1,2,112,291,0,1,107,1,2.78,0,2,0,1
29,1,2,132,191,0,1,198,1,4.57,1,1,1,0
60,1,1,166,173,0,0,192,1,3.15,0,1,1,1
41,1,1,117,342,1,0,153,1,1.34,1,2,2,1
58,1,3,98,281,1,1,166,0,2.03,2,2,0,1
51,1,2,109,190,1,1,193,1,2.94,1,3,2,1
79,0,1,145,283,1,0,119,1,1.9,0,0,1,1
47,0,2,172,265,0,2,138,1,2.01,1,2,1,1
60,1,1,128,157,0,2,130,1,2.02,0,0,2,0
58,1,0,140,306,1,0,102,1,0.74,0,3,1,1
57,0,0,101,256,0,0,123,0,0.51,1,0,0,0
77,0,2,168,320,1,1,189,1,0.28,1,0,1,1
73,0,3,144,357,1,1,183,0,0.67,2,3,1,1
57,1,1,167,319,1,2,114,0,2.06,2,2,0,1
58,0,1,100,298,1,0,155,1,3.56,2,0,1,1
44,1,0,115,154,0,1,189,1,1.13,2,2,2,0
68,1,0,131,201,1,2,107,0,5.33,2,2,2,1
47,0,3,116,252,0,2,94,0,4.85,1,1,1,0
46,1,3,100,261,1,2,108,0,3.12,2,2,0,1
29,1,3,127,339,1,1,131,1,4.35,1,2,0,1
42,1,2,132,277,1,1,107,0,2.2,2,0,2,0
79,1,0,108,123,1,0,121,0,0.22,0,2,1,0
75,0,2,153,286,0,0,110,1,5.43,2,2,0,1
78,0,0,95,331,1,2,99,0,0.77,0,1,0,0
30,1,0,135,311,0,2,126,1,5.69,1,1,2,1
56,1,1,131,272,1,1,138,0,3.43,2,0,2,0
77,0,0,154,275,1,1,175,1,1.83,1,0,0,1
78,1,0,161,323,1,0,102,0,2.97,2,1,2,1
58,0,2,148,313,0,0,144,1,3.01,1,1,0,1
66,1,0,141,354,1,0,106,1,0.14,2,3,1,1
79,1,2,136,325,1,1,98,0,2.13,2,2,2,1
32,0,3,96,269,1,2,177,1,4.44,0,0,2,0
29,0,0,100,278,1,0,133,0,3.06,1,0,1,0
36,0,0,150,142,1,0,167,1,1.47,1,2,0,1
57,0,2,157,167,0,1,135,1,2.01,1,2,0,1
67,1,3,114,267,0,0,97,1,5.18,1,0,2,1
31,0,1,101,244,1,2,126,1,3.15,1,1,0,1
60,1,3,115,285,1,1,108,1,3.17,0,1,0,1
38,0,2,101,174,0,0,152,1,5.77,2,2,1,1
38,0,3,132,187,1,0,181,1,1.93,0,0,1,0
47,1,2,140,326,0,1,135,0,2.88,1,2,1,1
74,0,2,126,207,1,1,194,0,4.87,1,1,2,0
62,0,1,135,336,1,0,183,1,4.55,2,3,1,1
61,0,0,142,120,0,2,160,1,1.59,0,3,1,1
51,0,2,177,254,1,1,115,1,0.91,2,1,0,1
56,1,2,169,304,0,2,193,0,4.2,2,2,1,1
60,1,1,102,214,0,0,135,1,1.55,0,3,2,1
78,0,2,178,259,0,2,135,0,5.54,2,1,1,1
35,0,0,143,225,1,0,164,1,0.78,0,0,2,0
57,0,1,146,252,0,0,103,1,1.91,0,2,0,1
36,1,0,93,227,0,0,174,1,0.33,1,2,0,0
29,1,0,164,297,1,0,152,1,4.22,2,3,1,1
31,1,1,138,161,1,2,161,1,5.35,1,2,0,1
52,1,2,96,221,1,0,92,0,3.82,2,3,1,1
51,0,0,100,243,1,0,117,1,5.63,2,3,0,1
36,0,0,143,259,1,2,118,0,0.77,1,1,2,0
75,0,0,176,222,1,1,176,0,0.53,1,3,0,1
65,1,0,134,265,0,2,107,1,5.03,1,0,1,1
31,0,1,112,313,1,2,124,1,5.13,0,2,1,1
79,1,1,117,193,0,2,166,1,4.99,2,3,1,1
61,1,3,146,326,1,0,165,0,4.79,0,2,2,1
56,0,3,115,341,0,0,136,0,2.17,2,3,0,1
75,0,0,114,227,0,0,94,0,1.3,2,1,1,0
36,0,2,143,241,1,1,192,1,5.57,0,0,2,1
62,1,0,118,136,1,0,164,0,1.84,0,2,2,0
63,1,2,172,315,0,1,148,0,2.39,2,1,2,1
60,0,0,125,190,1,0,164,0,4.2,1,2,0,1
52,0,3,103,181,1,2,148,1,1.76,1,1,0,0
42,1,3,167,160,0,0,195,0,4.91,1,0,0,0
60,0,2,124,342,0,1,136,0,0.42,1,3,2,1
74,1,0,119,350,0,1,184,1,4.75,2,1,0,1
71,1,2,106,238,1,0,184,1,3.61,1,2,1,1
44,0,3,156,281,1,2,102,1,3.44,1,2,2,1
32,0,0,169,317,1,0,167,0,2.75,1,1,0,1
65,0,0,119,349,1,0,198,0,1.66,2,0,2,0
49,0,2,134,164,0,0,195,0,2.78,0,0,2,0
42,1,1,168,177,1,2,178,1,2.7,1,3,0,1
59,1,2,178,298,0,1,122,0,3.5,2,3,2,1
76,1,3,140,245,1,2,186,1,1.69,2,2,0,1
46,0,3,136,281,1,1,151,1,0.47,1,2,0,1
35,1,3,142,163,0,1,168,0,0.87,0,3,0,1
38,0,3,153,134,1,1,105,0,4.2,0,3,2,1
35,0,3,127,197,1,2,133,0,0.13,0,3,2,0
61,0,1,153,189,0,0,147,1,5.14,2,1,0,1
51,0,0,176,297,1,0,191,1,4.17,1,3,2,1
49,0,2,178,220,0,0,95,0,4.61,1,1,0,0
47,0,2,96,279,0,0,197,1,5.02,2,1,1,1
76,1,3,111,314,0,0,178,0,0.74,1,3,2,1
47,0,2,170,122,0,2,104,0,4.93,1,0,2,0
64,1,3,171,333,1,2,93,0,3.03,0,0,1,1
57,1,1,130,205,1,2,145,1,5.31,1,2,1,1
46,0,1,163,193,1,2,153,1,5.32,1,3,1,1
30,0,0,99,170,0,2,157,0,0.15,2,2,0,0
29,0,1,146,186,1,2,183,0,2.3,2,3,0,1
75,1,1,96,195,1,2,123,1,3.16,0,2,1,1
33,0,0,139,212,1,0,180,0,4.07,2,1,0,0
48,1,2,141,295,1,1,184,1,1.72,0,3,2,1
39,0,3,122,264,0,2,145,0,1.51,0,0,1,0
70,0,3,90,126,0,1,121,1,2.29,1,3,2,1
30,1,2,142,132,1,2,197,0,3.01,0,2,0,1
31,1,0,149,239,0,2,192,1,5.71,1,2,1,1
51,0,2,123,185,1,0,98,0,4.57,0,2,0,1
40,1,1,93,123,1,1,152,1,2.58,2,2,2,1
48,1,0,106,257,1,0,194,1,0.33,2,2,0,1
33,1,0,93,350,0,0,161,1,1.01,2,2,2,1
65,1,0,132,207,1,1,167,1,2.74,0,0,0,0
66,1,3,179,136,0,0,122,0,4.88,0,2,2,1
58,0,2,93,171,0,2,176,1,2.28,1,0,0,0
37,0,0,90,253,1,2,110,1,3.23,1,3,1,1
62,1,0,160,330,0,2,144,0,5.35,1,1,1,1
72,0,0,139,188,0,2,165,1,5.48,1,0,0,0
63,0,2,162,343,1,2,146,0,1.29,0,3,2,1
50,1,3,150,321,0,0,91,1,0.26,0,1,0,1
72,0,1,124,256,0,0,102,1,1.83,1,0,1,0
52,1,3,97,338,1,2,93,1,4.17,0,0,2,1
45,1,0,113,324,1,2,173,1,5.71,0,3,0,1
38,0,3,172,330,0,0,139,1,0.46,0,2,0,1
58,1,3,125,140,1,1,137,1,0.17,0,0,2,0
74,1,1,139,143,1,0,167,0,5.3,1,0,0,0
51,1,2,132,349,0,0,119,0,4.49,1,3,1,1
60,1,2,116,123,0,0,118,1,5.95,0,2,1,1
45,1,3,121,271,1,0,97,1,2.38,2,1,2,1
78,0,3,167,306,0,0,101,0,2.5,1,2,0,1
79,0,2,107,346,1,1,130,0,1.03,1,2,0,1
45,1,2,117,122,1,2,191,1,0.7,2,3,1,1
42,1,1,118,187,0,2,115,1,3.47,1,2,2,1
37,0,0,105,220,0,1,139,1,2.19,2,3,2,1
68,1,3,136,287,1,2,91,1,0.48,2,1,2,1
30,0,2,148,295,1,2,144,1,5.32,0,0,1,1
73,1,3,120,173,1,2,193,1,1.19,1,0,1,0
53,1,3,93,154,1,1,145,0,4.49,2,3,2,1
67,1,2,126,342,0,1,103,1,1.69,0,3,2,1
37,1,1,106,175,1,2,95,1,4.88,1,2,0,1
50,1,3,128,227,0,2,195,0,0.71,0,2,0,0
71,1,1,137,336,0,2,193,0,4.54,0,0,2,0
74,1,2,135,159,1,0,184,0,0.59,2,0,1,0
32,0,0,179,324,0,0,170,0,2.68,1,0,1,0
54,0,0,137,187,0,0,178,1,4.4,0,3,0,1
57,0,3,128,165,1,1,150,0,1.04,2,1,2,0
73,1,2,93,197,0,2,185,0,1.71,2,1,1,0
62,1,1,119,260,0,1,101,1,5.19,0,3,1,1
51,1,3,119,274,1,1,102,0,5.31,0,2,1,1
65,1,2,111,125,1,1,108,0,0.27,2,1,1,0
39,1,2,164,136,1,2,133,1,1.01,0,2,0,1
34,1,1,155,283,1,0,178,1,0.7,0,0,1,0
46,1,3,101,351,1,2,184,1,1.08,1,0,1,0
49,0,2,125,218,1,2,148,1,5.82,2,2,2,1
70,1,2,107,200,1,1,126,1,3.31,0,0,2,0
64,0,2,179,352,0,1,114,1,2.81,2,3,0,1
69,0,1,142,121,0,1,105,1,5.91,1,2,0,1
66,1,3,160,196,1,0,127,0,3.34,2,2,0,1
62,1,3,90,299,0,0,132,0,3.97,2,2,0,1
45,0,3,147,185,0,0,176,1,2.0,2,1,1,0
65,0,3,179,171,1,2,103,0,2.29,1,2,2,1
53,1,0,176,211,0,1,95,1,3.57,1,2,1,1
66,1,0,179,290,1,2,178,0,0.42,2,2,1,1
40,0,3,95,337,0,0,112,1,1.54,2,1,1,0
51,1,1,159,141,1,1,149,0,1.18,1,0,2,0
70,1,0,133,230,0,0,196,1,0.1,0,1,0,0
50,1,2,161,226,0,1,101,0,3.22,1,3,0,1
49,0,0,113,302,0,1,102,1,3.37,2,2,2,1
55,0,2,175,186,1,2,189,0,2.3,0,3,2,1
59,0,3,108,346,0,2,192,0,1.61,0,1,0,0
34,1,0,107,307,0,0,187,1,3.91,0,0,1,0
55,1,1,119,305,1,2,95,0,0.81,1,0,0,0
68,0,0,131,259,1,2,152,0,3.11,1,2,2,1
62,0,0,122,335,0,2,127,0,4.61,1,0,0,0
40,0,0,163,188,0,1,139,0,0.99,1,1,0,0
73,1,3,101,203,0,2,141,0,4.52,2,1,0,0
35,0,1,116,222,0,0,129,1,4.56,0,0,2,0
38,0,0,128,158,1,1,97,1,0.36,2,2,2,0
73,1,1,98,132,0,1,150,0,0.11,1,2,0,0
45,1,3,110,160,0,2,97,1,5.84,1,1,0,0
54,1,2,165,176,1,1,193,0,1.16,2,0,1,0
49,0,0,118,300,0,0,186,1,4.93,0,1,1,1
56,1,1,122,356,0,0,123,0,3.37,0,1,0,1
74,1,1,151,131,0,1,197,0,1.59,1,3,2,1
30,0,3,104,132,1,2,168,0,0.78,1,1,1,0
71,1,0,91,239,1,2,189,0,2.98,1,2,0,1
29,0,2,141,321,0,1,149,1,2.44,1,0,1,1
79,0,1,133,216,0,0,146,1,4.19,0,0,1,0
64,1,0,143,176,1,1,188,1,5.43,2,3,1,1
79,1,2,107,159,0,2,135,0,4.83,0,3,2,1
54,1,1,92,237,0,2,111,1,1.65,2,2,0,1
57,1,1,96,199,1,1,176,1,5.27,1,3,2,1
49,1,2,132,247,1,0,129,0,5.0,1,1,2,0
39,1,2,171,292,1,1,134,0,5.57,2,1,1,1
68,0,3,127,154,0,0,144,0,2.75,1,2,0,1
39,0,0,126,122,0,0,140,1,4.61,0,0,1,0
64,1,0,147,239,0,1,175,1,3.55,1,2,2,1
77,0,3,122,124,0,1,94,0,1.86,1,3,2,1
67,1,1,148,337,1,0,184,1,5.97,1,0,0,1
68,0,2,100,130,0,0,102,0,0.23,1,0,2,0
63,0,2,157,245,0,0,117,1,0.97,0,0,2,1
62,0,2,171,190,1,0,173,0,5.36,2,3,0,1
75,1,1,157,236,1,2,186,1,0.36,1,1,1,1
52,0,2,177,303,0,1,169,1,5.32,1,1,0,1
50,1,2,111,257,1,0,151,1,4.29,0,3,2,1
33,0,3,155,225,1,1,182,0,0.22,0,3,0,1
61,0,1,133,235,0,0,176,0,2.58,0,2,1,1
64,0,0,95,281,0,1,113,0,4.53,1,2,2,1
75,0,3,131,186,0,1,187,1,3.5,2,1,1,1
48,0,3,114,319,0,0,96,0,5.62,0,3,1,1
47,1,0,146,150,1,0,127,1,5.21,0,2,0,1
63,1,3,174,194,1,1,126,0,2.0,0,3,1,1
71,0,1,144,356,0,1,157,0,0.51,2,3,0,1
45,0,2,105,190,0,1,187,1,5.67,1,1,0,0
73,0,1,103,356,1,2,131,1,3.1,1,1,1,1
71,0,0,128,185,0,0,175,0,0.45,1,3,0,1
62,1,0,117,189,0,2,94,0,4.9,0,0,0,0
37,0,3,140,160,0,2,153,1,5.21,1,0,1,0
54,1,1,138,310,0,0,139,1,3.84,0,3,2,1
30,0,1,98,279,1,0,195,0,2.69,2,1,0,0
37,1,0,147,139,0,2,176,1,3.97,2,0,0,0
37,0,1,134,304,1,0,104,0,4.24,1,1,1,0
68,0,0,111,345,0,1,184,0,5.36,0,0,0,0
45,1,1,121,297,0,1,162,0,5.74,0,3,1,1
29,0,1,158,327,1,2,196,1,3.09,1,2,2,1
53,0,1,176,272,0,2,142,0,4.79,2,2,2,1
71,0,0,158,259,1,0,114,0,5.79,2,1,1,1
68,1,3,131,318,0,0,178,1,0.91,2,1,2,1
70,0,1,142,158,0,2,174,1,0.11,2,0,1,0
53,0,0,148,264,0,2,98,1,5.21,2,3,0,1
67,1,0,163,164,0,1,127,0,1.17,1,0,2,0
63,1,1,128,258,0,1,111,1,0.25,1,3,0,1
31,1,1,104,189,1,0,196,1,0.96,1,3,0,1
78,0,3,160,244,1,1,176,0,2.3,2,1,1,1
65,0,0,118,270,0,0,138,0,1.32,2,2,2,1
72,0,0,92,210,0,0,157,0,1.83,1,2,2,0
72,1,2,172,357,1,0,182,0,5.85,1,1,0,1
79,0,0,99,189,1,1,104,1,4.23,2,2,0,1
58,0,3,118,285,0,2,154,0,4.27,0,1,1,1
66,1,2,168,249,0,2,143,1,0.57,1,0,2,1
62,1,2,124,333,1,1,119,0,4.39,2,3,1,1
40,1,2,95,203,0,2,182,0,4.44,2,2,1,0
47,1,1,101,208,1,0,109,1,3.96,1,2,1,1
65,1,1,127,198,0,2,122,1,1.37,0,0,2,0
72,0,0,166,232,1,1,194,1,2.54,2,0,1,1
77,1,2,108,212,1,2,197,0,5.08,1,2,2,1
45,0,3,156,191,0,0,189,0,4.02,2,2,1,1
38,0,1,97,284,1,0,175,1,4.4,2,1,0,1
77,1,3,97,168,0,1,166,1,3.52,2,1,1,1
75,1,3,173,171,0,1,96,0,2.7,2,2,1,1
40,1,1,136,152,0,1,97,1,4.55,0,1,2,0
44,0,1,93,141,0,0,117,1,0.41,1,0,0,0
52,1,1,140,233,1,2,134,0,4.04,1,3,0,1
47,1,1,174,358,0,2,196,1,5.98,1,1,2,1
36,1,2,156,252,0,1,162,0,4.68,1,3,2,1
59,1,2,134,350,0,2,178,0,1.74,1,1,0,0
49,1,2,97,137,0,2,169,0,1.67,0,2,2,0
45,0,2,176,285,1,1,163,1,4.0,2,1,0,1
51,0,0,105,237,0,1,100,1,5.38,2,3,1,1
65,0,2,166,236,1,0,120,1,3.47,1,3,1,1
44,1,1,156,156,1,0,101,1,3.16,2,2,0,1
34,1,3,98,341,1,0,184,0,0.96,2,3,0,1
36,1,2,149,342,0,0,167,0,4.29,2,2,1,1
53,0,0,167,183,0,2,140,1,4.21,1,2,1,1
46,1,1,166,257,0,2,133,1,5.8,1,3,0,1
53,1,3,160,198,0,0,185,1,1.8,0,0,2,0
40,1,3,104,289,1,0,139,1,4.54,1,3,2,1
43,0,2,160,242,1,1,106,0,2.6,0,3,0,1
54,1,3,130,295,0,2,124,1,3.35,1,1,2,1
69,0,2,111,163,0,2,90,0,4.9,2,3,1,1
73,1,2,113,201,0,0,118,1,1.33,0,1,1,0
54,0,1,133,206,0,2,140,1,2.06,0,1,2,1
75,0,1,90,344,0,1,153,1,4.64,0,3,0,1
60,0,0,99,135,0,1,93,0,3.42,1,2,1,1
38,1,1,169,173,0,2,176,1,0.55,0,0,1,0
44,1,1,161,221,1,0,117,0,2.58,1,3,1,1
35,0,2,145,282,1,2,105,0,3.52,0,3,2,1
45,0,1,178,217,1,1,152,1,5.46,1,2,0,1
51,1,2,139,275,1,0,165,0,1.13,0,1,2,0
54,1,2,101,121,0,2,142,0,4.84,2,2,0,1
49,0,1,178,213,0,0,174,0,0.78,2,2,0,0
50,1,0,170,260,0,0,198,1,1.45,0,1,2,1
35,1,0,149,288,0,1,106,0,1.46,1,3,1,1
42,1,3,115,327,0,0,129,0,5.26,1,2,0,1
43,1,3,167,178,1,2,102,1,1.19,1,2,2,1
35,0,1,130,188,0,0,141,1,4.72,2,3,1,1
37,1,0,125,238,1,0,147,0,2.77,2,3,0,1
79,1,2,112,211,0,2,185,0,5.99,2,0,0,0
76,0,3,132,300,1,1,126,0,5.03,1,2,1,1
36,0,2,95,350,0,1,168,0,4.44,1,0,0,0
78,1,3,158,164,1,2,165,1,5.22,1,1,2,1
51,1,1,132,267,0,2,150,1,3.8,0,3,0,1
57,1,0,114,143,0,1,168,0,5.06,0,3,0,1
46,1,3,107,308,0,0,123,1,1.57,0,0,1,0
59,0,0,151,210,0,2,159,0,0.59,2,2,2,1
58,0,2,102,213,1,0,106,1,3.7,2,1,1,1
67,0,1,132,177,0,2,109,1,2.61,1,2,2,1
63,1,0,167,356,1,1,162,0,2.56,0,2,1,1
46,1,1,117,274,0,0,148,0,3.16,1,0,0,0
70,1,0,107,273,1,0,158,0,2.17,0,2,2,1
67,1,2,148,247,0,2,176,0,3.76,0,0,2,1
45,0,2,149,126,0,0,122,1,0.18,1,3,0,1
42,0,1,152,289,1,2,191,1,5.82,1,3,1,1
59,1,2,146,166,0,1,167,0,5.55,0,3,2,1
52,0,3,140,172,0,0,106,1,5.61,0,1,0,1
63,1,0,145,306,1,2,146,1,2.19,2,1,0,1
72,1,2,116,157,0,0,172,0,3.19,1,2,2,1
73,0,3,121,316,1,2,186,0,5.72,1,0,2,0
62,1,1,98,334,0,2,90,1,5.41,1,2,2,1
31,1,3,173,339,1,2,102,0,4.74,1,3,0,1
65,0,1,157,345,1,1,199,0,2.44,0,2,1,1
71,1,1,135,172,1,0,116,1,3.39,2,2,1,1
68,1,0,156,262,1,1,159,1,4.76,1,2,2,1
54,0,0,115,343,0,2,148,0,1.64,0,3,0,1
51,1,3,97,273,0,2,95,1,3.76,0,0,0,1
72,0,0,95,167,1,1,186,0,4.97,0,2,2,1
67,1,0,169,214,0,1,183,0,4.24,0,3,0,1
43,0,0,113,266,0,0,199,1,2.88,0,1,0,1
77,0,3,137,256,0,2,188,1,3.51,1,0,0,1
32,0,2,134,183,1,1,112,0,5.93,1,3,2,1
57,1,0,102,212,0,2,99,0,3.61,2,2,2,1
50,0,0,158,301,0,2,140,0,4.71,1,3,2,1
53,0,3,114,244,1,0,108,1,4.36,0,0,1,1
41,0,2,109,298,0,0,140,0,4.21,2,2,1,1
46,0,0,171,158,1,0,181,1,4.3,0,1,2,1
61,0,1,171,123,1,1,176,0,2.73,0,1,0,1
44,1,3,155,245,1,2,157,1,2.84,1,1,0,1
73,1,0,163,122,0,1,173,0,2.81,0,3,2,1
70,1,0,134,183,0,1,172,1,0.2,1,0,0,0
72,1,1,136,148,1,0,131,0,1.45,0,1,0,0
30,1,1,152,235,1,2,180,0,0.93,2,2,1,0
63,1,3,165,130,1,2,146,0,5.32,0,2,0,1
70,1,3,166,216,1,0,187,0,1.65,1,2,0,1
62,0,1,144,221,1,2,157,1,0.83,0,3,2,1
58,1,3,164,305,1,0,127,1,0.72,1,0,1,1
41,0,1,108,322,0,1,151,1,4.2,1,0,1,0
41,0,0,124,274,1,1,96,1,0.04,2,1,0,0
46,1,1,142,344,1,0,160,1,2.83,1,0,2,1
60,0,1,115,140,1,1,139,0,0.71,2,2,1,0
60,0,2,103,158,0,1,141,1,5.1,2,2,1,1
63,0,1,134,342,0,0,115,1,5.75,0,3,0,1
67,0,1,133,221,0,1,115,1,5.75,2,2,1,1
74,1,2,177,165,0,2,108,1,2.65,1,0,2,1
57,1,3,154,185,1,1,98,0,3.87,1,2,2,1
77,1,2,140,210,0,0,150,0,3.6,2,1,1,0
57,1,0,132,283,1,2,109,0,2.1,0,3,2,1
72,1,2,175,322,1,2,195,0,2.66,2,3,2,1
44,1,0,112,230,1,1,198,1,0.39,2,0,0,0
72,1,3,145,201,1,2,139,1,4.77,1,2,1,1
75,1,2,108,242,1,0,169,0,1.44,0,2,1,1
38,1,2,171,312,1,2,170,0,2.76,0,0,0,0
58,1,3,165,310,0,1,111,1,2.88,0,0,0,1
53,0,0,144,218,0,1,102,1,3.36,0,1,0,1
67,1,2,149,154,0,2,101,0,4.91,1,0,0,0
48,0,0,148,278,0,0,99,0,4.15,0,2,2,1
33,0,2,122,275,0,0,154,0,3.98,0,1,2,0
29,0,1,108,222,1,1,185,0,3.16,0,3,0,1
58,0,2,117,248,0,1,119,1,0.58,1,2,1,1
77,1,3,141,144,0,0,97,1,2.41,1,3,1,1
31,0,3,138,162,0,2,110,1,5.74,0,3,1,1
73,1,0,126,349,1,2,111,0,5.97,1,3,0,1
42,1,2,115,203,1,2,107,1,4.38,2,2,2,1
58,0,0,129,314,1,2,155,1,1.37,0,3,2,1
78,1,0,169,310,0,0,137,0,0.61,1,2,2,1
32,0,1,127,170,0,1,133,0,2.49,0,3,2,1
46,0,1,166,249,0,1,98,0,5.14,0,0,1,0
65,1,3,176,329,0,2,156,0,4.33,1,0,1,1
53,1,0,143,245,0,0,143,0,5.3,2,2,2,1
76,0,3,111,355,1,0,115,0,3.69,0,3,0,1
29,1,2,105,311,0,2,174,1,0.78,2,3,2,1
74,1,0,117,321,1,2,183,1,0.69,1,3,2,1
43,1,0,124,188,0,2,181,1,0.29,0,0,0,0
37,0,2,149,128,1,1,189,1,3.4,1,3,2,1
43,0,2,134,121,1,2,115,1,1.46,1,3,1,1
77,1,3,135,281,1,1,123,1,4.41,1,2,0,1
52,1,3,161,307,1,0,97,0,4.12,1,3,0,1
32,1,2,144,349,0,0,99,0,1.91,0,0,2,0
40,1,3,175,308,0,1,137,0,1.06,2,3,1,1
65,1,2,174,278,0,1,144,1,0.61,2,0,1,1
65,0,0,115,129,1,1,196,1,4.42,0,0,1,0
71,1,0,174,233,0,1,143,0,2.7,0,1,2,1
34,0,1,114,195,0,2,167,0,1.94,2,0,2,0
67,1,0,154,283,0,0,129,0,5.14,2,1,1,1
74,0,2,95,204,0,2,104,0,3.56,0,1,2,0
52,1,3,112,168,1,1,170,0,3.11,1,3,1,1
39,0,1,153,358,1,2,107,1,4.46,0,1,2,1
41,1,3,176,189,0,2,185,1,4.89,2,2,0,1
62,0,2,132,359,0,0,191,1,4.12,1,0,0,1
53,0,0,112,296,0,2,112,0,2.64,2,2,2,1
35,0,1,119,250,1,0,151,1,2.28,1,1,2,1
32,0,2,166,321,1,1,135,0,4.63,2,3,1,1
36,0,1,107,252,1,2,176,1,3.11,1,0,0,0
48,0,1,176,357,0,1,188,0,4.23,0,2,1,1
57,1,0,168,337,1,0,128,0,5.34,0,3,2,1
79,0,2,110,308,1,1,104,1,5.5,1,1,1,1
73,1,3,146,332,1,1,142,1,1.67,1,3,1,1
74,1,1,112,356,1,0,177,1,1.13,0,2,2,1
38,1,1,134,209,1,1,153,1,1.57,0,3,0,1
71,1,3,133,349,0,1,152,1,4.51,1,2,1,1
62,1,2,171,355,0,1,181,0,2.22,1,3,2,1
54,0,1,177,145,0,2,169,1,1.04,0,0,1,0
69,0,1,136,191,0,1,105,1,0.59,2,3,2,1
77,0,1,129,124,1,0,193,0,1.96,0,0,2,0
31,1,2,140,134,0,2,192,1,0.82,1,2,2,0
34,0,2,131,242,0,2,159,0,0.94,1,0,0,0
33,0,3,96,263,0,0,155,1,4.1,2,3,0,1
33,0,2,139,120,1,1,102,1,0.12,0,0,2,0
75,0,2,137,263,0,2,197,0,0.71,1,2,0,1
51,0,0,173,284,1,2,136,1,5.07,0,3,1,1
77,1,3,95,122,1,2,98,1,5.07,1,0,0,0
37,0,1,98,299,1,1,152,1,1.98,2,0,0,0
63,1,2,146,166,0,2,123,1,0.53,0,1,1,1
48,1,1,120,214,1,0,170,0,4.23,0,0,1,0
77,1,1,110,132,0,1,180,0,2.16,2,1,1,0
70,1,0,179,239,0,0,118,1,0.27,1,2,2,1
63,1,2,129,327,0,0,126,1,0.95,1,1,1,1
78,0,3,134,174,1,2,132,0,0.82,0,2,1,0
46,0,2,166,354,1,2,175,0,3.53,2,0,1,0
45,0,1,138,268,0,2,153,1,5.39,0,0,2,0
52,1,3,176,185,1,0,113,0,4.76,0,1,0,1
31,0,2,109,301,1,1,160,0,3.28,1,2,2,1
60,0,1,106,274,1,2,123,0,2.53,1,0,0,0
63,1,1,117,285,0,2,137,0,3.71,1,1,1,1
66,1,0,130,209,1,0,101,1,2.66,1,1,2,1
41,1,0,155,305,1,1,112,0,1.48,1,1,2,0
75,1,0,114,181,0,0,168,1,4.08,2,0,0,0
53,0,1,147,221,1,2,186,1,5.24,0,2,2,1
37,1,2,130,293,0,0,102,0,2.24,2,0,2,0
32,1,0,95,336,1,2,176,1,5.05,0,3,0,1
42,0,2,164,258,1,1,191,1,2.59,1,3,2,1
65,0,0,127,319,1,0,185,0,2.41,2,0,2,0
62,1,3,95,127,1,2,134,0,0.17,0,2,1,0
39,0,3,134,216,1,2,188,0,4.17,1,1,1,0
69,1,0,164,236,1,2,154,1,4.85,1,3,1,1
31,1,1,103,318,0,2,136,1,3.98,2,3,1,1
56,0,0,155,183,1,0,147,1,0.91,2,0,1,0
57,0,0,129,349,1,2,198,1,0.62,2,3,2,1
37,1,1,92,140,1,0,94,0,3.44,1,3,2,1
31,1,3,113,319,0,2,166,1,2.41,0,1,1,1
53,1,2,108,234,0,0,94,0,2.57,0,1,0,0
62,0,0,107,310,0,0,149,0,5.81,2,2,1,1
40,1,1,153,204,1,2,185,0,4.34,0,3,2,1
70,1,0,177,311,1,2,110,0,2.47,1,2,0,1
37,1,1,124,139,0,2,113,1,0.11,0,2,1,0
43,1,2,151,127,0,2,107,0,0.2,1,1,0,0
68,1,2,90,177,0,1,110,1,4.11,2,1,1,1
53,0,3,114,165,1,2,143,0,5.03,0,0,2,0
33,1,1,134,150,0,2,99,0,4.25,1,1,1,0
39,1,1,138,212,1,2,113,0,2.44,2,2,0,0
62,1,3,178,359,1,0,193,1,0.19,2,3,2,1
52,1,3,105,128,1,2,174,0,5.8,2,2,1,1
43,0,1,108,134,0,0,178,0,5.92,2,2,1,0
66,0,3,112,213,1,0,149,0,3.3,0,2,1,1
36,0,2,172,273,0,0,146,0,0.42,1,1,1,0
33,1,0,114,257,0,0,112,1,3.25,0,2,2,1
76,1,2,105,148,0,1,111,1,5.35,1,0,2,0
54,0,3,143,199,0,2,157,0,4.08,2,3,1,1
46,0,1,162,155,1,0,123,0,4.32,0,1,2,0
34,0,1,90,203,1,2,159,1,0.51,2,2,0,0
65,1,2,131,228,1,0,117,1,0.64,1,0,2,0
76,1,1,108,237,1,1,184,1,0.76,2,3,0,1
41,0,3,123,156,0,0,188,0,5.43,0,2,0,0
56,0,2,169,205,0,2,128,1,3.16,0,3,2,1
33,0,1,144,190,0,2,131,0,4.75,1,1,1,0
41,1,0,107,270,0,1,112,1,0.69,1,1,2,0
45,1,0,123,288,1,2,159,1,5.57,0,0,0,0
78,1,3,178,351,0,2,169,0,4.93,0,1,0,1
68,0,1,134,212,1,0,91,1,1.35,0,0,2,0
73,0,3,95,199,0,2,113,0,5.25,0,2,0,1
60,1,2,110,221,0,0,106,1,1.58,1,3,2,1
57,0,0,159,275,0,1,198,0,1.23,0,1,2,1
79,1,2,137,295,0,2,154,1,1.59,1,3,1,1
31,0,1,128,285,1,0,159,1,5.46,0,3,0,1
68,0,3,120,278,1,2,158,0,5.49,0,2,2,1
62,0,3,99,133,1,0,198,0,1.97,2,2,0,0
68,0,3,119,236,1,1,149,0,4.23,2,1,2,0
55,1,2,107,344,0,0,139,0,4.05,0,2,2,1
41,0,0,149,192,0,2,182,1,4.84,1,3,1,1
73,1,2,177,210,1,0,101,1,1.78,0,0,2,0
61,1,2,162,335,1,2,192,1,3.06,2,0,1,1
34,1,1,104,324,0,1,136,1,4.01,0,0,0,0
52,0,1,93,209,0,0,156,1,0.16,2,1,1,0
47,1,1,152,148,1,2,154,1,2.26,0,2,1,1
44,1,0,129,298,1,2,116,0,4.18,0,2,0,1
68,1,0,98,168,1,2,137,1,1.52,1,2,1,1
56,0,1,98,290,0,0,177,1,5.75,2,2,1,1
61,0,1,115,339,1,0,151,0,0.18,2,3,2,1
76,1,0,93,339,1,0,133,1,5.75,2,0,1,1
69,0,3,170,191,1,1,108,1,1.3,1,3,2,1
41,1,0,105,334,1,2,148,1,0.29,0,1,1,0
71,1,0,104,340,1,2,97,0,1.75,1,0,0,0
73,0,0,141,252,0,1,144,0,4.72,0,0,0,1
53,1,1,158,161,1,1,197,1,4.51,1,3,1,1
70,0,3,94,254,0,0,136,0,1.25,1,1,2,0
64,0,0,109,161,1,0,91,1,1.18,2,1,1,0
55,1,1,168,283,1,0,183,1,3.86,1,0,2,1
66,0,2,107,224,1,0,183,1,2.75,0,2,1,1
35,0,2,91,146,0,0,128,0,4.75,1,1,0,0
33,1,0,102,177,0,0,134,1,0.14,1,3,0,1
71,1,2,93,165,0,1,121,1,3.66,0,1,2,1
73,0,3,131,185,1,1,154,1,4.38,2,0,1,0
79,0,2,163,144,1,1,127,1,5.96,0,2,2,1
59,1,2,150,192,0,2,166,1,4.07,0,1,0,1
51,0,3,97,236,0,2,100,0,1.39,0,0,2,0
70,0,0,156,274,1,0,99,1,0.65,1,1,1,1
38,0,0,152,248,0,1,148,0,3.85,1,2,2,1
60,0,3,98,206,1,2,179,1,3.14,0,3,1,1
71,0,3,100,193,0,2,144,0,5.39,0,0,1,0
58,0,3,131,289,0,1,109,1,4.36,2,0,0,1
67,0,2,102,299,0,2,170,1,3.06,1,2,1,1
59,1,3,125,272,1,2,106,0,2.42,1,0,1,0
46,1,1,102,301,1,1,157,0,2.43,1,2,1,1
64,1,2,101,244,0,2,94,1,1.36,1,0,2,0
30,1,0,126,186,1,1,149,0,0.1,0,2,0,0
42,1,0,163,125,1,2,112,0,3.45,0,1,2,0
41,0,0,162,244,1,1,135,1,1.27,2,1,2,1
57,0,2,141,177,1,2,141,1,1.25,1,1,0,1
40,0,1,160,189,0,2,99,1,0.75,1,0,2,0
67,0,3,91,172,1,1,135,1,1.14,0,2,2,1
30,1,3,145,185,1,2,117,1,0.19,2,2,1,1
60,0,0,149,177,0,1,186,0,4.05,0,3,2,1
41,0,0,112,201,1,1,132,1,2.41,1,1,0,0
74,1,2,129,206,1,2,115,0,3.37,1,3,2,1
55,0,1,153,121,1,0,144,1,3.82,2,1,1,1
77,0,3,174,323,0,2,137,1,5.83,0,3,2,1
69,1,2,112,269,0,0,118,0,0.41,1,1,0,0
45,0,3,118,156,1,0,116,1,2.51,1,2,1,1
68,0,0,167,267,1,2,107,0,1.48,2,1,2,1
59,0,3,179,222,0,0,193,0,2.86,1,0,0,0
62,0,1,140,143,0,1,149,0,5.52,1,1,0,0
52,0,1,158,231,0,1,163,1,4.34,0,1,2,1
73,1,0,178,331,1,0,195,1,3.97,2,2,2,1
63,1,1,120,184,1,1,158,1,2.65,2,0,1,0
76,1,1,139,312,0,2,163,1,4.03,2,2,2,1
34,1,2,109,328,1,1,110,1,0.19,0,3,1,1
47,1,3,144,248,1,0,113,1,3.52,2,3,2,1
58,1,0,170,236,1,2,191,0,3.32,1,0,0,0
35,0,0,91,235,1,1,92,1,2.08,2,3,0,1
38,1,0,114,356,1,2,193,1,1.21,1,0,0,0
69,1,0,102,341,1,0,184,1,4.85,2,1,0,1
60,0,0,159,224,1,1,151,1,0.32,2,3,1,1
62,0,1,156,358,0,2,194,0,0.42,0,1,0,1
56,1,2,147,122,0,2,190,0,2.64,2,2,1,1
43,0,0,171,165,0,1,91,0,1.52,2,3,1,1
58,1,2,164,174,0,2,155,0,4.47,0,2,1,1
65,0,2,173,194,0,2,192,0,3.81,1,2,2,1
57,1,1,153,335,0,0,131,1,4.64,2,0,1,1
50,0,0,158,333,0,0,197,0,1.95,2,2,2,1
32,0,1,172,311,0,0,123,0,4.44,1,0,1,0
48,1,0,175,355,0,0,131,1,5.17,0,0,2,1
60,1,1,148,164,1,0,109,1,2.07,2,0,2,1
64,1,2,149,273,1,0,186,0,2.04,0,0,0,1
78,1,0,172,196,0,1,157,1,5.4,1,0,1,1
32,1,3,151,312,1,0,134,1,0.3,1,1,2,1
55,0,2,105,143,1,2,197,0,2.1,0,0,0,0
45,1,3,177,321,0,1,164,1,0.71,1,3,1,1
40,1,2,157,154,0,2,131,0,0.17,1,0,0,0
50,0,1,104,143,0,0,136,0,0.68,2,1,2,0
45,0,0,178,147,1,0,94,1,2.59,0,3,0,1
38,1,2,144,347,1,2,178,0,4.12,2,3,0,1
29,0,1,124,327,0,2,138,0,1.74,0,1,1,0
50,0,0,144,351,1,2,126,1,5.1,2,3,2,1
54,1,0,103,135,1,1,123,1,2.63,1,1,1,1
46,0,2,138,178,1,0,162,1,5.81,0,2,1,1
78,0,0,172,328,0,2,159,1,5.72,0,2,0,1
42,1,2,96,301,1,0,107,0,4.64,0,0,2,0
75,1,0,119,326,1,2,167,1,5.59,0,0,1,1
57,0,3,172,263,1,0,108,1,4.24,1,0,2,1
40,0,1,138,134,1,1,167,0,5.37,1,0,1,0
64,1,3,178,345,1,0,129,0,1.42,1,1,0,1
63,0,2,105,130,1,2,106,0,2.07,2,2,1,1
40,0,3,140,312,1,0,149,0,4.52,1,1,1,0
35,0,2,161,198,0,1,188,1,2.55,2,3,1,1
57,1,0,171,337,0,1,182,1,5.02,2,3,2,1
39,0,0,169,234,1,0,131,0,5.27,1,3,0,1
61,0,2,172,187,0,2,170,0,1.8,1,3,2,1
34,1,3,131,162,1,1,196,0,4.94,1,3,1,1
75,0,0,106,188,1,1,161,0,0.93,2,2,0,0
43,0,1,152,346,1,0,154,1,2.01,0,1,2,1
60,1,0,134,260,0,1,198,0,3.11,1,3,1,1
79,1,1,166,257,1,1,142,1,1.36,2,0,0,1
39,1,3,96,194,1,2,189,0,3.48,2,2,0,0
51,1,1,116,329,0,2,96,1,3.47,1,0,1,1
54,0,1,99,345,0,2,199,1,1.24,2,2,0,1
62,0,1,123,222,1,0,94,1,4.77,1,2,0,1
74,1,1,125,160,0,1,113,1,3.79,2,0,2,0
62,1,0,114,353,0,0,117,0,1.91,0,0,0,0
57,0,1,95,297,1,1,151,1,1.39,2,3,2,1
32,1,0,113,334,1,1,196,0,5.27,1,0,2,0
45,0,1,107,318,1,1,106,1,5.01,0,1,2,1
63,1,2,176,178,0,2,190,1,1.38,1,2,2,1
41,0,3,95,158,0,0,109,0,0.21,2,2,0,0
69,1,1,118,122,0,0,92,0,4.83,0,3,0,1
67,1,2,114,323,1,1,126,1,3.69,0,2,2,1
43,0,1,144,126,0,0,179,1,0.61,2,0,0,0
57,1,1,170,168,0,2,104,0,3.52,0,2,2,1
57,0,1,135,145,1,0,140,1,2.71,0,2,2,1
39,0,2,113,280,1,1,137,0,4.65,0,0,2,0
60,0,3,164,220,1,2,97,0,1.25,1,0,1,0
30,0,2,115,295,0,2,102,0,2.72,1,2,0,1
75,0,3,117,198,1,1,137,1,0.94,0,1,0,0
42,1,1,92,121,0,0,92,1,5.75,2,0,2,0
48,1,0,164,352,0,1,154,0,4.67,2,1,0,1
50,0,1,127,246,1,0,162,0,4.42,1,1,2,0
39,1,3,150,318,1,0,120,0,4.14,2,3,0,1
55,0,2,167,279,1,2,194,0,2.54,0,1,2,1
31,1,1,140,251,1,1,115,1,5.54,2,3,2,1
45,1,2,179,139,1,2,170,0,0.44,1,1,1,0
72,1,2,137,236,0,1,145,1,4.82,1,3,2,1
56,1,2,110,283,0,1,123,0,1.29,0,0,1,0
57,0,1,143,151,0,2,98,1,1.94,1,2,0,1
49,0,2,145,147,1,1,151,1,3.12,1,2,0,1
75,1,2,148,196,0,1,102,1,4.7,1,3,1,1
44,1,1,161,120,1,0,158,1,5.03,2,0,0,0
65,0,2,140,307,1,1,130,1,3.5,1,3,1,1
48,1,1,109,175,0,1,166,0,2.42,2,3,0,1
34,0,3,175,154,0,2,90,0,5.68,1,0,1,0
47,0,3,148,231,1,2,178,1,1.48,1,1,1,0
33,0,3,160,149,0,1,136,0,4.82,2,1,2,0
31,1,2,98,173,1,0,93,0,3.67,2,0,0,0
29,0,0,90,155,0,0,189,0,2.26,0,3,2,1
66,1,0,118,302,0,2,152,0,0.01,0,2,1,1
43,0,2,152,336,0,1,141,0,2.68,2,3,2,1
62,1,0,161,199,0,1,99,0,1.66,1,1,1,0
63,1,1,145,177,0,0,117,0,0.63,0,0,0,0
77,1,0,157,202,1,0,95,1,0.45,2,0,0,0
53,0,2,124,184,0,0,116,0,2.09,2,0,0,0
52,0,2,92,188,0,2,101,0,3.69,1,1,1,0
40,1,1,96,247,0,1,151,0,5.03,2,3,2,1
46,1,3,116,170,1,2,141,1,1.1,0,0,0,0
43,1,2,90,141,1,1,137,1,2.55,1,2,1,1
72,0,1,169,335,1,2,156,0,2.35,2,0,2,1
44,0,0,160,226,1,1,135,1,3.08,2,3,1,1
55,0,0,133,228,1,0,186,1,4.86,1,1,1,1
36,0,1,176,235,0,0,163,0,3.32,1,2,0,1
74,1,1,130,220,0,0,184,1,5.08,1,2,1,1
53,1,2,164,300,0,2,104,0,3.11,0,0,1,1
45,0,0,131,219,1,0,160,1,3.62,0,3,2,1
57,0,1,122,283,1,1,125,0,2.62,2,0,0,0
36,1,0,139,187,0,2,103,1,4.94,2,2,1,1
43,0,1,152,155,1,1,167,0,5.54,1,0,1,0
55,0,0,126,299,1,2,92,0,3.83,2,3,2,1
74,0,3,148,300,1,1,199,1,4.92,2,1,1,1
78,0,2,170,329,0,1,156,0,0.35,1,2,1,1
35,0,0,137,297,0,2,175,0,5.44,0,3,1,1
31,0,3,94,327,1,2,108,1,1.13,0,0,1,0
57,1,0,137,288,1,0,188,0,1.54,0,2,1,1
72,0,0,92,265,1,0,165,0,0.32,2,0,2,0
52,0,3,136,141,1,1,143,1,5.79,1,0,1,0
31,1,0,151,185,0,1,158,0,5.11,0,1,1,0
48,1,0,103,140,1,1,99,1,5.48,2,0,1,0
74,1,2,152,219,0,2,194,0,5.08,1,0,1,0
43,0,3,150,247,0,2,122,1,2.88,0,3,0,1
53,1,3,120,163,0,0,102,1,5.54,0,0,0,0
58,0,1,106,222,1,1,188,0,5.82,1,1,0,0
42,0,0,113,166,0,0,140,1,3.02,2,0,0,0
35,0,2,112,158,0,2,121,0,1.05,2,0,2,0
45,1,0,171,148,1,2,164,0,3.95,0,0,0,0
72,1,0,139,173,1,2,191,1,5.85,1,2,2,1
48,1,1,167,209,1,0,113,0,5.23,2,1,0,0
64,1,0,168,204,0,2,124,0,5.17,1,2,2,1
37,1,2,168,136,1,1,172,1,5.6,1,1,0,1
66,0,2,159,199,0,0,159,0,5.36,0,1,1,1
76,0,1,116,307,0,2,129,0,4.66,1,3,0,1
50,0,0,104,278,1,0,143,1,4.31,1,2,0,1
30,0,2,139,192,0,0,198,0,1.59,1,1,0,0
52,1,0,125,342,0,2,133,0,3.73,2,1,1,1
36,1,0,97,325,0,2,151,1,3.13,0,3,2,1
39,0,0,168,168,0,0,195,0,5.17,0,2,2,1
41,1,1,92,220,1,0,188,0,2.95,1,0,1,0
45,1,0,151,121,0,2,157,1,0.77,1,3,0,1
36,0,2,136,295,1,1,122,0,0.03,2,1,0,0
49,0,0,166,357,0,0,166,0,4.07,0,2,0,1
46,1,2,177,261,0,0,145,1,3.3,2,1,2,1
58,1,0,150,178,1,1,125,1,1.99,0,3,2,1
46,0,2,121,216,0,2,143,0,1.01,2,3,1,0
74,0,2,102,218,0,2,196,0,2.8,1,2,1,1
75,0,0,90,305,0,1,108,1,0.6,2,3,2,1
59,1,0,123,222,0,2,132,0,2.02,1,3,0,1
66,0,2,151,305,0,2,101,0,2.28,0,0,0,1
60,0,3,168,358,0,0,100,0,2.79,0,1,0,1
39,1,1,167,298,1,0,159,1,2.8,1,0,0,1
73,1,3,171,331,1,0,101,0,1.54,0,0,1,0
